sample_id,label,rated_current_A,rms_line_A,rms_neutral_A,over_rated_ratio,peak_A,crest_factor,thd_pct,h3_ratio,h5_ratio,h7_ratio,h9_ratio,hf_band_energy_1p5_2p5kHz,di_dt_max_A_per_s,zero_crossing_noise_std,leakage_rms_A,kurtosis,skew
0,normal,6.0,3.250446340597126,3.2429521974517956,0.5417410567661877,4.609804581558807,1.418206639059223,3.1308538540796214,0.027206214133886533,0.015486074322690424,0.00022218693758318254,0.00015621773089479746,0.00016096859776757862,2042.227910614678,0.58159999751183,0.014872126237571878,-1.5440641453656894,-4.076086513401877e-05
1,normal,40.0,33.493456323727095,33.41643065718654,0.8373364080931773,47.47319675100057,1.4173872141094233,1.7637065054510006,0.015828238059376026,0.0077680699325540364,0.00014985023026911626,0.00010599844818048321,0.013965165770322578,19522.4656875841,5.130628877921638,0.15591584719159965,-1.5049871937841988,-0.00023306870011694433
2,normal,6.0,5.0429242592229455,5.041635880263071,0.8404873765371575,7.277477437984698,1.4431066306879183,2.9838218940833237,0.028131667927529993,0.009929579222317353,0.0002969362091595399,0.0001778964738994671,0.0002758646430304719,2711.645132202156,0.7887463927760561,0.020327818829789387,-1.475841259570516,-0.00010213896664527708
3,normal,40.0,33.15190436870222,33.03000203416842,0.8287976092175555,48.19356396486402,1.4537193226494853,1.777275974198873,0.015176384960673448,0.009238336524484268,9.961109376421336e-05,0.00011559276034569826,0.018969478415477095,18877.702244743472,5.157798192666415,0.1812479076989421,-1.4761514913686684,0.00023704528608954785
4,normal,40.0,22.139986449655567,22.05387033713368,0.5534996612413892,32.15861039873548,1.4525126503762276,1.8955645982307743,0.014258931396083351,0.01244219611618194,0.00047088050580056275,0.00037991759218278584,0.02870155384666404,15746.712886411635,3.8029037737974285,0.1225559217824407,-1.506942234526353,-0.0011953432246271161
5,normal,10.0,7.766637397038169,7.7324860390774965,0.7766637397038169,10.809471130203478,1.3917826436617113,2.9769075233003766,0.02298307627768726,0.01891855177184714,7.856360241864294e-05,6.06145591816741e-05,0.0006470241216079801,4381.205451188131,1.2539105504232837,0.04637888575738102,-1.541924221133791,-7.121024775640314e-05
6,normal,20.0,14.041253933465587,14.007497798997596,0.7020626966732794,20.075680053290604,1.4297640472132582,2.588288550996728,0.02300802277331263,0.011826027133248136,0.00043415472582134255,0.0002971551440073291,0.006006415375765408,9001.625862931845,2.100497615703088,0.06451970843594554,-1.4906776677126736,-3.0119745299105842e-05
7,normal,16.0,7.971293068527156,7.941069571424164,0.49820581678294723,11.428818127042778,1.4337470755821449,2.988168599410752,0.02796883115842598,0.01050942061982335,0.00020557449293557586,0.0002281514215610452,0.0007912875479583526,4646.579858155576,1.395235570780963,0.044368485137139244,-1.5013784688281484,0.00010695354460745592
8,normal,16.0,12.47868582683974,12.434160111495258,0.7799178641774838,18.034302473962256,1.4452084716908273,2.308954717855958,0.02208412658836727,0.006722559780233923,9.55478282532435e-05,0.0001489971726128452,0.0028005581136206137,7075.419123756932,1.9321409260305036,0.0664649109247842,-1.4848679998851861,-0.00016474263445588199
9,normal,16.0,8.651623055577305,8.625372937110168,0.5407264409735816,12.5674383486397,1.4526104831954552,2.433402925925921,0.022629045956402295,0.008939538737468734,0.00021287094788482457,6.332440514679336e-05,0.0010707848291411077,4762.591813199544,1.2521303894202054,0.043343523438901584,-1.4561156347637423,-8.805944402199878e-05
10,normal,20.0,9.691121879401253,9.662447476146154,0.48455609397006266,13.596256318060755,1.4029599963608974,2.643051102623509,0.02178357224141741,0.014938395320565167,0.000273304404425974,0.0001721348255719081,0.004054610601701652,6495.69094736453,1.5345659792161621,0.047916242954433676,-1.531819778138487,2.1573536308655304e-05
11,normal,6.0,3.744865210637975,3.7342060409904696,0.6241442017729958,5.592023423193957,1.4932509201707822,2.735508199558891,0.0248955818281535,0.011320550412011202,8.060067565103543e-05,0.0003330103454928987,0.0005186141647434981,2316.5866845031896,0.60404321059862,0.018686254691820746,-1.45387404735256,2.9974982685055952e-05
12,normal,6.0,3.4759428123520806,3.46904531130199,0.5793238020586801,5.058314988603919,1.4552353879855269,2.0483339890928,0.01089356225495504,0.01734476376841293,4.418337573003231e-05,0.0001588277953063191,0.00014693418995358242,1928.2188198371073,0.5450191332320392,0.01568454383543806,-1.47764836271113,9.457067470097003e-05
13,normal,6.0,3.956952317802351,3.9547046973561444,0.6594920529670585,5.794699751317384,1.4644350713508882,2.633260935111582,0.02048890934728679,0.01652779079687996,0.0002731316301528416,0.00012374682535204104,0.00046654274907611333,2590.2510303516265,0.6754092841433041,0.016169584097711347,-1.4758246458859134,-0.00016328313384772591
14,normal,63.0,26.550133521833054,26.481939966643743,0.42143069082274687,38.2276522196758,1.4398290007393033,3.191237529456537,0.02881251061162168,0.013693034353126046,0.00026683104754671427,0.0004498300664331858,0.02411934159279702,17157.663601407094,4.034024966720498,0.12482056698730085,-1.4698044326321684,-0.0002128818524635595
15,normal,10.0,3.990532249094144,3.9837956952393374,0.3990532249094144,5.717894066079428,1.432865018430695,2.1604090424685065,0.020238913816743923,0.0075046687229808,0.00031523873768074355,0.00017671681917806741,0.0008476742578104833,3018.5357081772436,0.676410255099991,0.017358760763983638,-1.5273381124737966,0.00011028487337514064
16,normal,20.0,10.593563544678693,10.558746846460243,0.5296781772339346,15.341388794545912,1.4481801830323606,1.5367690660083413,0.01389350679687382,0.006452609586620997,0.0007390142077675821,0.00040206840460662175,0.005770738215266186,7387.810195047437,1.7110524624308385,0.05464896204603481,-1.498774881781245,-0.0006362361553799452
17,normal,32.0,22.075036864308192,22.05917175733439,0.689844902009631,31.68518047254053,1.4353398667403843,2.2622355219563586,0.01991753546619953,0.010700637256396505,0.0004766810619783592,0.00023334542233309404,0.012413175270160818,13163.843887451923,3.3557371915591205,0.08930822782350445,-1.4838014774832184,-0.000128837697461109
18,normal,20.0,6.760972202923037,6.728306504027207,0.33804861014615184,9.635998926306554,1.4252386543928237,2.0938257999461154,0.01728218618441909,0.01181174023478112,0.00018156662978210212,0.0001620335905292129,0.0005016237354403685,3658.640177238712,1.0318819540242892,0.042389727523028636,-1.489446116881207,0.0003032411939661045
19,normal,32.0,10.992317790938072,10.957642634927584,0.34350993096681476,15.596588319261024,1.4188625742516097,2.2533725088153713,0.011654133293752277,0.019259784376627592,0.0002312194667554309,0.00042199940852655584,0.007541101962360022,7689.165981282277,1.68674294622935,0.05609800825146679,-1.5107004306838636,-2.3590070212189845e-05
20,normal,25.0,15.767732786944688,15.70955893811014,0.6307093114777875,22.845863061363634,1.4488996844765516,3.078967508782279,0.028888922675878802,0.010628135727580819,0.0004478128530014232,0.00023225885169418585,0.0053040129440181695,9391.333414833054,2.568832080978297,0.08524656036918277,-1.5045630627849764,-0.00016454956641909796
21,normal,16.0,8.56380435010026,8.543914118450937,0.5352377718812662,12.52354730930384,1.4623812964263765,1.5842157883541683,0.015036813138355011,0.004966980314465968,0.0002520934514066419,0.00012440135249639498,0.0007830661668513891,4822.901838674234,1.323280148140232,0.039879671073847545,-1.4696625747432324,-0.0002426187118254796
22,normal,25.0,9.934853915585578,9.929692289587798,0.3973941566234231,14.729005493791849,1.482558839562075,3.389265812182108,0.02850600664430631,0.018327787662927687,0.00036418154791240077,3.9700938158837944e-05,0.0009848567184826333,5474.652496218227,1.6288940702947738,0.0398778769766098,-1.4490219639137025,-7.201312550989411e-05
23,normal,63.0,51.00058982320367,50.927285373186905,0.8095331717968837,73.82779314132291,1.4475870454793447,1.7370343169693623,0.013273449993502641,0.011196642545525711,0.00027027000427156956,0.0001741020970883333,0.05276108812336652,30085.897532944666,7.780619881405807,0.21846580685322523,-1.4736715817921364,0.0001781051896193328
24,normal,10.0,5.400856834962196,5.375624282566163,0.5400856834962197,7.988310194101763,1.4790820117487147,3.2591140994340093,0.027379485383871315,0.017649371709988104,0.00024192144528357442,0.00036887566739839367,0.0012020915281665723,3398.876699921143,0.7999422066205868,0.03315266162523003,-1.4416927676662616,-0.00040363055202871255
25,normal,32.0,15.755372901050722,15.746721833157734,0.49235540315783505,22.91829932292289,1.4546338868272577,1.3150645706752568,0.012162080589681417,0.004919363961531517,0.0003045244190054345,0.0004553885510577649,0.014518282503652283,10911.232852723755,2.372225095718028,0.06282252832994256,-1.4758453488308414,-0.0006345088386224373
26,normal,63.0,29.16529613191968,29.144236750521387,0.4629412084431695,41.051493101057865,1.4075459036646607,2.137445356354465,0.017575402760503928,0.012157747710970909,0.00012313653508182377,0.00012234554557437192,0.009633069657523044,17129.462799806828,4.8075278707030655,0.11932727150175493,-1.5336464016154492,0.0003203692058756005
27,normal,16.0,11.341671778741691,11.334354318619795,0.7088544861713557,16.65805747268535,1.4687479761528366,3.0649571358084127,0.0257564286707659,0.01660883689268051,0.00022643378871683718,0.0001747050176996799,0.001574653102771045,6236.950128247297,1.722222650894632,0.04719756803526058,-1.4501716737195212,0.0001821098023537511
28,normal,63.0,19.736674628942172,19.64813021149238,0.31328054966574875,28.762200438061626,1.4572971879683816,2.366196734112842,0.014920536012894989,0.01835417142740505,6.457670048428097e-05,0.00028233606749861705,0.00633895702966462,11781.447464448891,3.3477772063086886,0.11882238454173719,-1.4801227943281967,-0.0005828075626235088
29,normal,40.0,30.974600095896783,30.88697189862233,0.7743650023974196,45.02301213091654,1.4535461955948614,1.725943513686113,0.013857708642132,0.01026414394948705,2.5591026901126694e-05,0.00014251234567597268,0.05868471853332642,24059.376717854768,4.614452420612979,0.15176710957760312,-1.473033583920257,-0.00016000037012126124
30,normal,32.0,18.248064919227964,18.24097785662473,0.5702520287258739,25.54319019660884,1.3997752807364376,2.9811349569733196,0.023014278294875044,0.018939871848760222,7.361520031935208e-05,0.00024533695605522844,0.004955808505305929,10646.718548485045,2.899703291978976,0.07253701576070619,-1.5157300239419926,-6.863924637777e-05
31,normal,6.0,4.90553806243617,4.883452586201469,0.817589677072695,6.972652354518329,1.42138380425372,2.0893990441086348,0.01588657396433743,0.013565742653387804,6.316706625523519e-05,0.000230376116483065,0.00024487651981027473,2699.4098219119533,0.7477661082355123,0.0295280281256795,-1.495405024061377,-0.00020833242506869203
32,normal,32.0,18.01873272057484,17.951783744485294,0.5630853975179637,25.796142560106674,1.431629125017183,1.6949160112050978,0.015016141871133298,0.007840812751674767,5.649495285808e-05,0.0003185478555734616,0.005739752946141447,10857.446910124887,2.984134388133104,0.09918459711558458,-1.5130536170716236,7.041092113843076e-06
33,normal,40.0,13.71779465464177,13.711184833931261,0.34294486636604427,19.471616962866666,1.4194422246187,1.8775835439021664,0.015819441029688134,0.010108311731687919,0.00013851838209016148,0.00016102354137110693,0.002064646124781932,8566.4869608854,2.3866088287975256,0.054404701490825394,-1.529318999164549,-0.0003171811703686118
34,normal,40.0,28.537001738884676,28.49227690251949,0.7134250434721169,40.82359766352079,1.4305496434288605,1.6916058884358949,0.011078625446124035,0.012773683746859645,0.0002617283972700151,0.0004157895546439182,0.010227084258242158,16977.202396352004,4.872377389269363,0.12119773881130476,-1.5176158975115541,-0.00011119055691074809
35,normal,32.0,19.54611948224532,19.53802201796164,0.6108162338201663,27.578558936837705,1.4109480380736283,2.3797984811425916,0.02031748509013133,0.012371967124841097,6.601797478865086e-05,0.00036665852541222107,0.009742783490546171,13458.170283732394,3.262271609518953,0.07834159755589544,-1.5378943410302228,-7.078481871679957e-05
36,normal,32.0,14.851023369601544,14.779916353096231,0.46409448030004824,21.129908261247923,1.4227913951758904,2.000142489915366,0.013965093568436913,0.014264100605351463,0.0008708189344332824,0.0002137449199714272,0.01227398021018143,10758.612165045199,2.301331175537994,0.09291711036074331,-1.5126782353836177,0.0003027935526587497
37,normal,10.0,5.26235834442284,5.24729535789796,0.5262358344422841,7.545546689327753,1.4338716966872491,2.276096258134544,0.018244150823744577,0.013592000837131205,0.000154766372832383,0.0003232419930983756,0.0004379751613192449,3046.4952704493653,0.7871319830147852,0.025817017354808017,-1.487303372748416,0.00028976612922657535
38,normal,25.0,15.368343922000841,15.32501520443183,0.6147337568800336,21.823981096849412,1.4200606913921818,3.18064901188207,0.02724504418085696,0.016399891235656168,0.00010372269957103747,0.0004275027076483926,0.011782499956026989,10488.037804049804,2.623286430154873,0.07398684279167074,-1.5118225658483206,0.0004635571884801278
39,normal,6.0,4.346126196707059,4.326389130030599,0.7243543661178431,6.030002490550846,1.3874430277087149,2.1006013838629984,0.014270899586083977,0.015405536038152153,9.763157226800286e-05,4.8284335137062504e-05,0.00022526731467596716,2379.5230312377403,0.6708350339752759,0.026290346461280936,-1.5238267522230429,0.00016956951592599773
40,normal,25.0,16.62307845840394,16.598941003979824,0.6649231383361576,23.391986604462613,1.4071994343039027,3.086113048272282,0.028436836780263097,0.011979799348778146,0.00019421354755430798,0.0001643376110173128,0.0028408572944614444,9508.141088646855,2.6841263003424265,0.0689657119539476,-1.5084903521730817,5.577484932778646e-05
41,normal,63.0,48.60517411765604,48.472909275153384,0.7715107002802546,68.50429096372172,1.4094032622224026,2.4170081154134073,0.019564885941544808,0.014180517492143465,0.00010286878327448185,0.00013751032463260143,0.034575572751969604,29383.790512553456,8.203593596966657,0.23305605412575353,-1.5129050025675193,1.7347635416896168e-05
42,normal,25.0,17.321417130953332,17.25992621080508,0.6928566852381333,24.933149041556863,1.4394404829361187,1.7179600138695557,0.016183376324731612,0.005743959200682024,0.00026266775276980717,0.00031401993849464356,0.0029822972781551444,9673.821154847315,2.8440535616049987,0.09115683158179856,-1.4889300908799916,0.00017075983906317905
43,normal,16.0,9.436677229952988,9.40747394509995,0.5897923268720617,13.430560273339209,1.4232298026773655,2.496969940494977,0.022725277251884356,0.010330985411203683,0.00012878769191135845,0.00033221161844087615,0.0017198384618427524,5688.281734705958,1.418509072831833,0.04785903032492619,-1.4958467133118578,0.00013686185433762395
44,normal,25.0,14.399156057356725,14.397204072431853,0.575966242294269,20.121733192826223,1.397424481773592,3.1374886603143963,0.026321048282326925,0.017052058840828017,0.0004972222419948267,0.00022562007609576475,0.00794850936263589,10106.938491465064,2.2291125341480647,0.05810047382198982,-1.527086295535491,-0.0003262914900870734
45,normal,40.0,19.64561167135361,19.55678996176613,0.4911402917838402,28.008237675777384,1.4256739949304873,2.5978065212803907,0.021367859746798338,0.014754861876649412,0.00034305276796335317,0.00036978034965450197,0.008476145918282635,13314.385731700855,3.4755465409522452,0.11800693521399304,-1.541214985634644,0.00027599915303127144
46,normal,25.0,13.089166831661883,13.028473568583811,0.5235666732664753,19.15292824716625,1.4632656525832675,2.170029615350585,0.013721485583347008,0.016808109763882445,7.180146975039558e-05,0.0001516742856331961,0.0017198214059942053,7352.951858549619,2.152618180845893,0.07978436469962819,-1.4765094333008402,-5.3294215835691186e-05
47,normal,6.0,4.678749534429112,4.671604745117776,0.7797915890715187,6.575007042923877,1.405291519269336,1.9306966210030394,0.011234419189701823,0.015698787676646477,0.00017712166552033356,0.00012057176454527336,0.0002799495665128136,2643.19679073154,0.7351522572306947,0.019838433904827858,-1.5203312882320426,0.0002031204146892587
48,normal,32.0,17.49340812483015,17.409055679404116,0.5466690039009422,24.818659098700152,1.4187435015623853,2.0341714417782493,0.01790865345290503,0.009626011376773711,0.0001930214782327153,0.0004639511116860834,0.005710223682943029,9748.344392247476,2.768939476943953,0.10946355661647576,-1.5066826906258224,0.00016104322947181832
49,normal,20.0,9.706012215365266,9.684783525341077,0.4853006107682633,14.3399614033906,1.4774308010051802,2.8671264105132948,0.026722480779063328,0.010336572663078619,0.0002646742403429538,0.0005085905317739444,0.0049345167293883075,6145.898379385942,1.4133595789229536,0.04353770242927682,-1.4437824026413504,-7.479222590033103e-05
50,normal,20.0,7.656780111161325,7.646090104939194,0.38283900555806627,10.683755914736121,1.3953327323279177,2.341214377861582,0.01656558215028317,0.016535221829218516,0.00019123349419089002,0.00016244950946562006,0.0008193363332956719,4498.834857905357,1.204505942861999,0.033216717177101174,-1.527404322564213,0.00018617884889258153
51,normal,6.0,3.6055056611547185,3.5983254047973796,0.600917610192453,5.181575748514384,1.4371287231366532,2.4648698172830925,0.02351559540636694,0.007300066493665414,0.00024713583034876647,0.00044640267909455705,0.0006657505128437856,2369.6987783070954,0.5774465866236603,0.015617128610418684,-1.4981406179461294,9.780799437154723e-05
52,normal,20.0,15.990375231422735,15.982579204365805,0.7995187615711368,22.53728734102391,1.4094282975502905,2.986850841083762,0.02534960182197268,0.015767375800894053,0.0004851232784810922,0.00015695162537747245,0.010133573865929738,10996.069848868854,2.664525094893882,0.06426259017600167,-1.5457987902768906,-0.00021826729884070732
53,normal,16.0,6.506035825737681,6.495987395287468,0.40662723910860504,9.544096669497266,1.4669603616804796,2.098142614886897,0.016901093687494526,0.012376854829002885,0.00046353412450542717,0.0007605740465237032,0.0020664399105041866,4519.362156656218,1.0499226751497672,0.028060903605844973,-1.4675445907380191,0.0006723260385524169
54,normal,20.0,15.716847039783769,15.682434541554782,0.7858423519891884,22.31448690508921,1.419781387907204,1.7632823331064837,0.01544806900250504,0.008449335039290734,0.00035612116625283934,0.0005658497788746236,0.01230963782193855,10704.375112849399,2.4335889096623475,0.07176796588306131,-1.5115665640376559,-0.00032371781698702274
55,normal,20.0,16.228830899239565,16.170248685515418,0.8114415449619783,22.709924377436256,1.3993567692606261,2.0749364846839193,0.019401797867448355,0.007343474928779055,0.00011555050564860696,0.00025663640195817684,0.0033161460720693443,9634.916943426613,2.669972564890648,0.0869772479028208,-1.534443096589072,0.0001716399365910084
56,normal,6.0,4.075392324498565,4.066054841819848,0.6792320540830942,5.856897391658654,1.4371370714455443,2.2141797103885175,0.01052498769249849,0.019469526947067606,0.00032399338793946247,8.225977462329838e-05,0.0004138877915807748,2724.423528875036,0.6977264912993221,0.018570715376826055,-1.5158374583164946,0.00011011560625896713
57,normal,16.0,11.3003749410911,11.283402489633552,0.7062734338181937,16.13721480831318,1.4280247240475223,1.7450509563053411,0.014489112068921887,0.009699670793640822,0.000413150566975612,0.00029699345769177343,0.005551058632746894,7849.417502073984,1.9144243782585777,0.04791895103852476,-1.520637854940512,-0.00015411123683309493
58,normal,20.0,9.593592774381907,9.561768658523743,0.47967963871909536,13.463877254246658,1.40342388607491,2.4373486355745535,0.022375786787496525,0.009649540199202384,0.0002593431810703598,5.075526929519524e-05,0.001992684378329939,5928.188394024786,1.5011437818075903,0.04966235577706894,-1.5225347988984714,5.304328293089682e-05
59,normal,40.0,19.63547116537693,19.55994871474192,0.49088677913442325,28.40806946466539,1.4467729968868963,2.09912200747828,0.019539711405085376,0.007652008350456172,0.00018957481652555827,9.509172189829933e-05,0.005420338186368298,11094.465890662737,2.882957503030088,0.10892006993059845,-1.464591848984017,5.730872861427091e-06
60,normal,32.0,16.22158232623803,16.15330614383049,0.5069244476949384,22.909886982202696,1.4123090164720973,1.8252440123461862,0.012563952372916454,0.013221214355304219,0.00046539713346117396,0.0004047466332327079,0.005773712893344233,9864.272794145698,2.6565324638089596,0.09495257030556822,-1.5232077239953548,-0.00023481074686318218
61,normal,63.0,40.38615289957907,40.36710531425708,0.6410500460250647,58.2812645846565,1.4431001815927074,1.9148983147676708,0.01748973770100583,0.007763462106396424,0.0003143950900490494,0.0004306647174846798,0.04479627704025858,26346.646236628058,6.727503364137556,0.1560302685338845,-1.4933619200579253,0.0003777112195056333
62,normal,6.0,4.631052289514789,4.627060915706406,0.7718420482524649,6.539545561034279,1.4121079078352061,3.3049744577047657,0.029733048970039838,0.014413330049783018,0.0002674108199940365,0.00016424658888307528,0.000552648692964413,3133.2667809172367,0.8551085844448036,0.01894268863451686,-1.549752220178512,0.0003386223258824906
63,normal,32.0,10.41649701465555,10.37480277247818,0.3255155317079859,15.294805338166157,1.4683252263384436,3.136952939451087,0.026151163024602134,0.01731964825493739,0.0001619917391170638,0.00016473747911613596,0.0011699723364112474,5789.472563574458,1.5535155128126583,0.058477648972555904,-1.447608690665709,-0.00019153030918322837
64,normal,25.0,17.231892503781232,17.192839448011096,0.6892757001512493,24.827684581752138,1.4407984830954201,2.7171180189530437,0.022830985447741172,0.014667674813146441,0.00030398373546811454,0.0003905137288454234,0.015746882823541145,11943.694951092593,2.6258856367554144,0.07865320926235612,-1.4767144687995193,0.0006469699228006494
65,normal,25.0,9.39161857551758,9.38159395779795,0.3756647430207032,13.565459804161804,1.4444219272363048,3.022907218531731,0.026134325027863677,0.01516956045388544,0.00040178909309121356,0.000482506289894223,0.004842029077569406,6756.431100735045,1.6396963634476407,0.038466535121782386,-1.5246944201887154,0.00021977791370064576
66,normal,63.0,23.655803837277034,23.64094341672342,0.37548894979804814,33.12205458846813,1.400166099402377,2.254996172042378,0.021833719035974752,0.005595391782999861,0.0004613328241903927,0.00033352292131198975,0.007674814599561323,14494.833834921585,3.978928073990701,0.09474532890785767,-1.5419958008069914,-0.00031747871784699593
67,normal,16.0,11.108375532037845,11.085533456588815,0.6942734707523653,16.36503195898876,1.473215584971618,2.0693818276707177,0.015817504398259758,0.013326869001199738,0.00019866596294058653,0.00040844232722654124,0.00409974126011106,7414.328112904112,1.7936574676577293,0.05042688766637678,-1.4664649664851825,-0.00010994038603163058
68,normal,63.0,45.805673037763235,45.66821154258523,0.727074175202591,67.23858851068621,1.4679096288746876,2.769829948070807,0.02549246353577988,0.010808725140826191,0.00024150145012208926,0.0002658384046385037,0.10313627684695434,31294.02611451221,6.650801375757539,0.22930428912870843,-1.4621049451806631,-0.0004672181766237731
69,normal,25.0,10.173597518775406,10.143839750623032,0.4069439007510162,14.60887811938668,1.4359599041528812,2.3897023519570304,0.021515016957003422,0.010370059125915033,0.00030562319060386536,0.0003977365452750515,0.006115652548368186,7234.367347265813,1.6271726718657735,0.05076492320688645,-1.5047927310489297,-0.00017406197312118602
70,normal,16.0,6.775248451828352,6.756986136789553,0.423453028239272,9.841635818656906,1.4525867039678049,2.91014941525638,0.028106628774830125,0.007523032346310642,1.8109426851275045e-05,0.00028512661355707946,0.00044671873919000454,3662.353094641169,0.9819780807182872,0.03227556077453105,-1.4526286326775137,0.0005979783446540645
71,normal,6.0,3.4894497559729407,3.48624395374137,0.5815749593288234,5.163231236395827,1.479669173077555,2.9360032102407505,0.028394091963517932,0.00745222022874635,0.00017145430506145548,9.820390960190367e-05,0.0001201136234064769,1824.342136384743,0.5264830517356702,0.014127244024176325,-1.4405197953862705,-0.00015027076848573147
72,normal,10.0,4.94855501908699,4.9453372727346565,0.494855501908699,7.272212527070486,1.4695628314834113,1.7676026596805225,0.014694245207604236,0.009803394716815043,0.00034598482005140636,0.0002333362671194081,0.0006680138026996538,2857.261983730497,0.7816230320830414,0.020000337925992363,-1.4686391728046244,-5.9781698638256265e-05
73,normal,32.0,9.862051481184197,9.849384007568512,0.30818910878700617,14.75890172143927,1.4965346457683004,3.420721070162617,0.029573013225722807,0.01715471109974202,0.00025623290695661567,7.355732242135138e-05,0.0056169668860900895,6190.340762714195,1.5763888546303548,0.04102888023222202,-1.4398673667578723,-0.0008532059646346113
74,normal,20.0,9.225130864333778,9.197700614077837,0.4612565432166889,12.76422242243184,1.3836359189653635,3.092731978662734,0.025693440236714986,0.017207840426293256,0.00014451425006016354,0.00014773842642015918,0.0038660198766163356,6204.769963844774,1.4479345213027572,0.04622837452667842,-1.5450584237138763,1.0373028783345804e-05
75,normal,25.0,14.947414886976443,14.944746627546332,0.5978965954790577,22.04885009192798,1.475094540238116,3.4919082279584925,0.028462862048962027,0.02021965568112419,7.32006383374806e-05,0.0002729526911852116,0.00552642868177791,9038.522126879488,2.2455349515485024,0.05912161930391261,-1.4407283678659786,0.00044003549048470556
76,normal,40.0,27.27163732909555,27.250674743459598,0.6817909332273888,40.50591396541355,1.4852762038131588,2.4601797453931376,0.020678190836546456,0.013258051095219669,0.0005203679204282681,0.0006646353608518816,0.03735470422470415,16950.631741069876,4.238824165158093,0.11041562796574979,-1.4559150367986662,-0.001162049263511315
77,normal,20.0,8.339210344296946,8.317453190287285,0.4169605172148473,12.152868066832884,1.4573164081041223,2.8728206116696917,0.025750133401969067,0.012728880072260682,0.00017947167270317594,7.100902280715675e-05,0.0012437790491366088,4545.900398029079,1.174336912931248,0.039730968888171035,-1.4472383968155418,8.850923763186471e-05
78,normal,20.0,10.672066680137844,10.64097880875496,0.5336033340068922,15.378047296459439,1.440962444850452,2.5720434398160066,0.01873220315518349,0.017606056234796927,0.0004453481447767085,0.00017021875961948824,0.004422508242461786,7199.571541630771,1.9246615000623981,0.05205296661778575,-1.5293382273994118,-0.000127411187754566
79,normal,63.0,19.26233540749149,19.201623354853258,0.3057513556744681,27.453849239900233,1.4252606788166322,2.345994535420873,0.016705766253706192,0.01646626232435324,9.567048424756976e-05,0.00013783321175496604,0.0047447241248500405,11729.640479660613,3.4441643623612137,0.09891455649149895,-1.5304017967615635,0.00044706400762733426
80,normal,16.0,10.97162076225325,10.965148788845969,0.6857262976408282,15.87935875340268,1.447312033112436,2.5985004872694306,0.022356783695473892,0.013226808247234389,0.000477174756279251,0.0001647093021693794,0.002594137016386987,6254.105513577937,1.5314544482170775,0.04384139488943983,-1.4548052477682865,-0.0002170002210486677
81,normal,16.0,11.448770465970917,11.391897577760313,0.7155481541231823,16.705821401024362,1.4591803940187074,2.9486292988337324,0.02147675321153539,0.02018316670872149,0.0006023100949546779,0.00015691385701139849,0.0065162323165734405,7844.1603262448825,1.6086077977724418,0.07372881507194548,-1.456558345478059,-0.0006830842936914498
82,normal,20.0,12.512218426808019,12.507710445936633,0.625610921340401,18.2238392835621,1.4564834676367366,2.8282523835956606,0.02649147153003662,0.009862223495513321,0.00042714837180676064,0.0005583067760475956,0.007435274756153196,8092.913056393112,1.9537900230754008,0.04942831037009903,-1.4932527965455074,-9.02699137166888e-05
83,normal,16.0,7.738267089112838,7.72046811498196,0.48364169306955235,11.070752688054368,1.4306501131499374,1.9321073508058957,0.018280090296325324,0.006200807362496182,0.000483808874482366,0.00033158668299589745,0.003030325767044392,5143.182238433565,1.2478917438288075,0.03505750058674766,-1.5187630795681666,-0.0006057481008518605
84,normal,10.0,6.586853849675155,6.56951531271985,0.6586853849675155,9.681844710150685,1.4698739230654545,2.2253815949762346,0.014335572550671803,0.01700583444997686,2.3331168216073277e-05,0.00043731539873648764,0.0007487546085674351,4029.9185983703546,1.0367195098684703,0.03149348761243009,-1.4703968224008017,1.4841340676629482e-05
85,normal,40.0,17.410832641602006,17.35542337620378,0.43527081604005013,24.89276382269047,1.4297285106159234,1.7488899876269435,0.014751275243156161,0.009391127652014747,0.00015658787802989155,7.117095287859219e-05,0.003661480683429739,9903.324059710296,2.7322665482526296,0.08985477139601711,-1.4866269102839833,-5.8108738831923505e-05
86,normal,20.0,9.126291692765003,9.098787928952705,0.45631458463825014,13.218942792529425,1.4484462294318823,3.2916158305187255,0.026791644620075106,0.019107208596521128,0.0003510950756236675,0.00037114932034203847,0.00169476164987524,5823.367517399338,1.5430806605290068,0.045975607032981265,-1.4980362850204507,-0.00043733329730354586
87,normal,6.0,4.987938663251507,4.978416435257792,0.8313231105419178,7.012018020143589,1.4057947565391358,3.404627209728447,0.02983411716132437,0.016397755542882142,0.00017415142577131867,0.00017627948247700415,0.00037515516122661144,3053.4404731944596,0.8817238524547434,0.02222887305861115,-1.556366255450219,-3.909292816795461e-05
88,normal,16.0,7.63613407595468,7.601461414724737,0.4772583797471675,10.943281042211638,1.4330917885841863,2.107253908176076,0.019584939709187562,0.0077648850773978295,0.00021382720718032458,8.633894424249338e-05,0.000986101340622663,4513.060093145693,1.2608904706987079,0.04646815862216735,-1.5131556260580734,-0.00012155909116862473
89,normal,25.0,14.216611613360513,14.19939064948396,0.5686644645344205,20.708978137824893,1.456674677453121,2.1472326619083644,0.01617266328675949,0.014104015824263046,0.0005308403814974919,0.00039118709084112865,0.010743017764488428,11159.679782977835,2.4317971863787866,0.05908183861850443,-1.5133455019518953,0.00012183914635929173
90,normal,10.0,7.256786367712229,7.238535264239225,0.7256786367712229,10.167672258402751,1.4011260276643753,1.6733355358227429,0.011345082219077391,0.012289765269449825,0.00022335759435115776,0.00014129132092667227,0.0011165074246175977,4250.058380592928,1.1290652224472626,0.03392440538889427,-1.518984001866583,-7.679508456394797e-05
91,normal,10.0,6.939020157030265,6.910496144744648,0.6939020157030266,10.024819843762511,1.4447025106507532,3.591254374077351,0.029980575389065352,0.01976107146406682,0.000320186994970297,0.00021451934706610465,0.0029793678391500716,4824.468175875316,1.0751526403527136,0.03943845443609232,-1.4703952165112197,-0.0002527674465546954
92,normal,16.0,11.310940352556141,11.26190641081643,0.7069337720347588,16.496564087250267,1.4584608857975079,1.9880047234303364,0.012382580562356737,0.01554056909061594,6.39552585253579e-05,0.0001206701600005934,0.004082797688297158,7133.890457441048,1.8106888340483833,0.06640319606653769,-1.4901707297467823,4.528978600143195e-05
93,normal,25.0,15.058159853669624,14.987156151496267,0.6023263941467849,21.467867578683695,1.4256634134499764,2.2161597421144696,0.020906620959071674,0.007344230061332815,0.0002226606943823198,7.775138741866228e-05,0.004327627050943399,8946.046450969547,2.5245798512934816,0.0922442496073275,-1.516339646003742,-0.0001484400672768096
94,normal,63.0,52.274869627890475,52.045013053607754,0.8297598353633409,74.85057169822711,1.4318652964532665,1.7258785367215386,0.012327175198767214,0.01206780006708433,0.00019364926593735629,0.00019179788360400502,0.027765251832258232,26721.258984799093,7.59213206675482,0.3129350052346049,-1.4752860442339948,-0.00012425028190934985
95,normal,6.0,4.633281370245083,4.613430048746006,0.7722135617075138,6.849629313132013,1.4783538413276507,2.3474857851723496,0.01676477374651307,0.016392365739079106,0.0001764251979552862,0.00033915855160588775,0.001019224127473948,3054.527809516946,0.7583948423829088,0.027121639242336463,-1.4730147303129955,0.001207709458501662
96,normal,63.0,30.36547062185406,30.347988051149354,0.4819915971722867,42.90849806707137,1.4130687648482223,1.7808665876794196,0.01434744998948158,0.010535502920375904,0.00017190279884350692,0.00034463515386692797,0.022190139666673575,18349.735930641364,4.873921978352484,0.12141564203599982,-1.5198338667180493,0.0003345302684574297
97,normal,20.0,14.759684292916305,14.713132145597083,0.7379842146458152,20.631623220567317,1.3978363500004758,1.7920563812130328,0.016607851201307304,0.00672086098095715,0.0002593331330778619,0.00012354519905665898,0.0032992194953359514,8746.994676956421,2.3813318815745044,0.0757737075370994,-1.53048414620448,-3.189529079008779e-05
98,normal,63.0,42.06601102303983,41.94311617603918,0.6677144606831719,59.91009498918754,1.4241924425624812,3.3268440243814204,0.028011489765133575,0.017920697958781453,0.00023530151868583838,0.0005244740474603561,0.09287816484480302,29763.5245820723,6.8167366565442515,0.20948950700823124,-1.496888249362009,0.000486773102546559
99,normal,25.0,19.91301780231829,19.91002582542011,0.7965207120927316,28.245732384905832,1.4184556386123948,3.037384986324375,0.02953946698048349,0.007056991832147782,0.00035696733519113003,6.543367160506783e-05,0.004915793688858583,12293.357120379438,3.4435365900816155,0.08020492602188603,-1.530697919891034,0.0001208155282679624
100,normal,10.0,4.753482158366366,4.733053421836553,0.4753482158366366,6.877602757084376,1.4468556999909206,2.2390083093004494,0.0156835839074054,0.01597180097328768,0.00024311137869650591,0.00032901666954946097,0.0002647911631044886,2641.72126362478,0.769568448643552,0.02803827953497714,-1.491261952994045,0.0002801319505908802
101,normal,40.0,31.359587581251184,31.283299912798952,0.7839896895312796,45.774404727015714,1.4596622040056098,1.9844847727512653,0.01839205638977162,0.007446276057742238,0.0002664533079763967,6.711075356093908e-05,0.011706113439479839,17217.988695451386,4.70188819623396,0.14609288186658212,-1.4617272496476463,0.00014738290118446559
102,normal,32.0,20.24743424824402,20.229068146864787,0.6327323202576256,29.483095433316684,1.4561398284040605,2.545347700404295,0.01666252299336266,0.01922283188417603,0.00023518213228162856,0.0003665049449984244,0.027121242236059807,15038.988387249952,3.369785654860461,0.08126613936889901,-1.5094979709595386,-0.0002854302262089015
103,normal,10.0,3.5020101732492335,3.4918152505488558,0.35020101732492337,4.8573834243264855,1.3870272165522246,2.6893552851729563,0.02076499852463177,0.01707977540944064,2.7438188776151656e-05,0.0003994633338579458,0.00032945677394565946,2176.8032415486196,0.552633204632437,0.01702797669069734,-1.531764460247037,-2.330490247411647e-05
104,normal,20.0,9.843945679521836,9.809584037342757,0.4921972839760918,13.848248191198179,1.4067782005948728,2.271247310414079,0.014357589323531098,0.017574939842823465,0.00038630913216153637,0.00017943728742728026,0.004696836322501885,6816.185978583147,1.599913450363544,0.05225004335384135,-1.5261607341485064,-0.0011554496798078
105,normal,20.0,7.812804104620616,7.774189154994575,0.3906402052310308,11.071375958547195,1.417080962081505,2.718585629419776,0.025650949099616897,0.00899748825664937,0.00015510080084498682,8.871047745986499e-05,0.0012333133332219218,4518.6026961698035,1.2365150065696324,0.049684499585036006,-1.5163897556331276,0.00021709336790816868
106,normal,32.0,18.497925454925497,18.435902758652787,0.5780601704664218,27.111485392982317,1.4656500512762967,3.1790370097904534,0.025302448943633846,0.01921912428307859,0.00047065761019051284,0.0005428761998122765,0.017944639397689262,12958.84748841135,2.6032598766973734,0.09650665453478595,-1.4526318136519414,0.000225006411023434
107,normal,25.0,20.995883146507463,20.918063840194826,0.8398353258602985,30.05726271419307,1.4315788720590843,3.233929483099943,0.028311666030150336,0.015626644700957017,1.4758263364023782e-05,8.19029651950003e-05,0.0052705517687690485,12909.270882599407,3.8575822945321994,0.11405965854884578,-1.5196153072644503,0.00024425851120293433
108,normal,16.0,13.129875122832612,13.07006513408707,0.8206171951770382,19.091218846745598,1.4540289733671792,2.768573754932147,0.020059229378966894,0.01903810909385377,0.0003610370486396352,0.00023852302994874092,0.01118580477792205,9794.559714774537,2.3872756136083715,0.08035342287302494,-1.5232410186100187,0.0008679990197518962
109,normal,20.0,10.773896669398729,10.727957121142518,0.5386948334699364,15.937353297909352,1.479256186083278,2.6471071935470922,0.023850088760937506,0.011475386975652674,0.0003283897745251329,0.0002591583781305637,0.0012974940025839892,5834.071590474972,1.6762060733392221,0.06301985140698574,-1.4498714641908246,-6.047617919984887e-05
110,normal,25.0,15.378613364414788,15.356322430089795,0.6151445345765915,21.749507972160412,1.4142697690204782,2.7134348626837514,0.023041439312247797,0.01432307973092394,0.00015676803651844867,0.0001293644412387998,0.005709372821939214,9919.742675410047,2.591636496053027,0.06382764995637355,-1.5358719699894545,-0.0003054843635399093
111,normal,20.0,11.066295619510448,11.039883712089752,0.5533147809755224,15.741876930796234,1.4225064529832359,2.909217219511733,0.026279304382097506,0.012466637506363235,4.267582660291247e-05,0.00020119432411871098,0.002441449619811303,7071.93145490506,1.9746434079946142,0.05090376032017197,-1.5246877582587248,-0.0004581919906953019
112,normal,20.0,11.086053167586938,11.048232293920586,0.5543026583793469,16.26709427849132,1.467347669284611,2.2744071589894825,0.015443892402274166,0.01669298755765913,9.599989934364807e-05,0.00019698380798979608,0.0015524329202027281,6101.527860084902,1.7893715488085262,0.05794875318774938,-1.4662555885137352,-9.526032260841957e-05
113,normal,16.0,8.89878277863695,8.873067139222677,0.5561739236648093,12.780101229571823,1.4361628490153147,2.684577759359244,0.022540269637454004,0.014555974307536466,0.00018629535654383987,0.00027891454023340625,0.002934121163808123,5481.151738499768,1.2953906564789706,0.04350504071419983,-1.4703645857535486,0.0007096737179815453
114,normal,10.0,5.069358756137774,5.067851328128077,0.5069358756137774,7.062159628669485,1.3931070904630296,2.9051246379331013,0.02586084399091039,0.013224202554663021,0.00022780496538650404,0.0002403838244925373,0.00043971880597115415,3128.1784839556926,0.8520946993944137,0.020046019757475064,-1.5298192500520975,-0.00016794397936954248
115,normal,25.0,18.029650687125823,17.99592764619045,0.7211860274850329,25.49185952378057,1.413885380517621,1.6391242923123774,0.010944561572217106,0.012187321210174313,0.0002134873172274105,0.00042838250803092564,0.005750950621618508,10313.80033579895,2.720452328942367,0.07970660445468476,-1.4957802365261519,0.0002925251727576149
116,normal,16.0,7.515087407832699,7.512308433762652,0.46969296298954366,11.045094389113078,1.4697226776273369,2.9780238718899312,0.022261977874023495,0.0197751755731358,0.0001343280416612875,0.00020640176405711846,0.0006083948345398681,4285.06504261709,1.2254657151221775,0.030185289667048754,-1.4681919846285767,-7.78283529259486e-05
117,normal,20.0,7.021367714452089,7.009116965325274,0.35106838572260446,10.144316481065498,1.4447778398987225,2.391662714774445,0.019956388349414707,0.013176080899759314,0.00015671392251843185,5.0582553652285596e-05,0.0005519581349499184,3719.6066482509505,1.0166188879326208,0.030847866575227693,-1.4593098204648058,-0.00036277913483889453
118,normal,10.0,4.899370097079034,4.877105049744978,0.4899370097079034,7.036562929394502,1.4362178787337228,3.3240067870319456,0.027217841687914066,0.01906469535044952,0.00019591661033862355,0.0003641627103263364,0.0009465428757537473,3378.4841200598116,0.8706247546570708,0.02976061810459259,-1.539796499539107,-8.684348097803986e-05
119,normal,25.0,11.307771945698294,11.27590291655376,0.4523108778279317,16.132403530484872,1.426665094284582,3.0653823753633964,0.02885956358792744,0.01032129508820651,0.0002108937424358292,0.00014674509088124038,0.0019934772829565415,6603.603975035174,1.8449491819907915,0.054930314391013854,-1.5198077778598191,-2.3378292300611323e-05
120,normal,20.0,12.084759383341439,12.030615808760505,0.604237969167072,17.20184540198022,1.4234330080472377,2.4615036740771696,0.023784730216963684,0.006292745322416762,0.0002368965590716816,0.0003395317543706592,0.00510812796648116,8329.699466097389,2.0767512052089705,0.07305509467452832,-1.5129889002459165,0.000772764458321044
121,normal,20.0,11.883727914350326,11.869490670352546,0.5941863957175163,17.551869617646787,1.4769666339276304,2.860616489996065,0.027023190762603597,0.00937506402015346,7.862439362704197e-05,0.00022176616221452,0.0017036861472942756,6256.876935155083,1.8199211998222093,0.04889794508100146,-1.4417135917899033,0.00015850927193970156
122,normal,25.0,14.295193608601725,14.2595250832048,0.571807744344069,20.754979694002902,1.451885176291862,1.3709570365088457,0.01100341578949449,0.008145779671588317,0.00027460354779481266,4.112067303690692e-05,0.003755979428811821,8314.84439863921,2.1985599940544907,0.06778645761105,-1.4795072652272478,-0.0004905479243743296
123,normal,10.0,8.065164387905684,8.02818382527631,0.8065164387905683,11.374908014982145,1.4103752219395917,2.889390728699645,0.0257238196334799,0.013152900008859962,0.00017081382671530447,5.4440215240024785e-05,0.0007180657822577496,4458.962273476237,1.2800841744649682,0.048868368200693374,-1.5071160947528357,8.74094715395422e-05
124,normal,63.0,28.88176193710342,28.77341915967158,0.45844066566830827,40.58459107647099,1.4051978949015624,2.1233401676018646,0.013444480725240815,0.016430271723481802,0.00014268179218776225,0.00023051171209665313,0.015797713740700492,16631.61118233344,4.501970439370329,0.1605136538545426,-1.5177720086053081,0.00040177098264867204
125,normal,32.0,14.910769109977494,14.860824740514749,0.4659615346867967,22.021006757400095,1.476852507976128,3.0716294893885983,0.028192197282194888,0.01217960594612365,0.00023413930067866872,0.00014037854436120165,0.005036856329448029,8788.493584932912,2.1674410050471486,0.07766410874673685,-1.4405736620407394,3.301177409951619e-05
126,normal,63.0,29.19398620489147,29.06232705378012,0.4633966064268487,41.19083117749077,1.410935488117011,2.5492729598947395,0.023724832778923628,0.009316810845598418,0.00013051381814718947,0.00010637951680805382,0.010113777382822616,16078.284167397947,4.49807772047604,0.17569792624618755,-1.5098510931392017,-0.00045846201388507747
127,normal,25.0,17.51010562560841,17.432512524488445,0.7004042250243364,25.216979229604963,1.440138612943897,2.133668272677667,0.011367155110858099,0.018026887221085273,0.0004092514969770913,0.00025334512799156974,0.01681438539162572,12536.687140719072,2.9336875875054123,0.10496399512597884,-1.5210939756479667,-4.705158920846958e-05
128,normal,32.0,11.507742436342838,11.479357930153682,0.3596169511357137,15.965848010470825,1.3874005346749292,3.0554785658391688,0.023897000426373178,0.018996487295343086,0.0005201583471720393,0.0005365416458834787,0.0068027444172238695,8361.159973822636,1.7972351181780992,0.05439621783796087,-1.5363808971749349,0.0007035160456771085
129,normal,6.0,2.6235530201354877,2.6219188007582557,0.437258836689248,3.8003178909346187,1.4485386269379914,1.4033477561542822,0.01210291773734523,0.007045688080787076,0.00021765522216503626,0.00027709695521590226,0.00025969915918372426,1797.562224509315,0.4243697288929957,0.010457337733038571,-1.4973677337303037,9.76497843258406e-07
130,normal,25.0,16.475339958588254,16.473143442881028,0.6590135983435301,23.409080405083213,1.4208556826446357,2.698512686625267,0.024103636964139866,0.012107691088838803,0.0004226377962166239,0.0001910820874195951,0.01473801328595542,12652.081055263676,2.6760396700018534,0.06559855119250001,-1.5077627489604832,-3.9272924669372524e-05
131,normal,6.0,2.429757045828792,2.4255225925557466,0.404959507638132,3.585918734711979,1.4758342770904427,2.913355371770904,0.022089540183536302,0.018975082386051247,0.0005694064553931169,0.0004524203377756832,0.00030183737591209236,1545.1198222961837,0.3664496967926856,0.010470937349965105,-1.4548370937067137,-0.00029507930214855483
132,normal,16.0,6.211402182941655,6.197921600927597,0.38821263643385345,9.031075493556465,1.453951173360584,3.258599277692748,0.02729557498361759,0.017779471097234992,0.0006614836087306248,0.00021281083344740117,0.002251989937963475,4705.403389787425,0.9495362333065135,0.027560705528457186,-1.4786563535278896,0.00028651028722299703
133,normal,32.0,10.0040915783521,9.994746283628098,0.3126278618235031,14.142333911316593,1.4136549829777247,2.7551583540797107,0.025653501894599758,0.010038557782886426,0.0003348163462386475,0.0001338247876703504,0.0024433868808697856,7195.273145394519,1.7841965749980078,0.0411218653436189,-1.5498704990642431,-0.00045163466338882675
134,normal,20.0,10.900294974181078,10.897823030291644,0.5450147487090539,15.570272669649071,1.4284267265336472,1.78319717851657,0.01163579702575832,0.01350133554345686,0.00021418050615552484,7.663065901651867e-05,0.002639536794401003,6886.644925696469,1.772211541538202,0.043149260256213816,-1.5176220784081633,-0.0003058295611416657
135,normal,63.0,42.75386661279115,42.64717245045218,0.6786328033776373,60.78404262109947,1.4217203597087595,1.455994763888621,0.013223301037248197,0.00603606065044604,0.0004015688378602175,0.0005420257661643707,0.04147845356073575,26755.058453422673,7.232369848011408,0.19851989370792206,-1.5255634822654935,0.00030470520982131744
136,normal,25.0,13.910512697912829,13.877557776977524,0.5564205079165131,20.733132500824187,1.4904650137334319,3.138142792503082,0.025390136440740594,0.018431351614476545,0.0002671460875602178,0.000218810697124858,0.003455344704900401,8313.169587983435,2.227869492229021,0.06381475457383058,-1.4435649763165592,0.0006196808656040058
137,normal,6.0,2.2915984225505017,2.281397253156185,0.3819330704250836,3.224361851402511,1.4070361622988143,1.9642172881170412,0.016642007954140395,0.01039572295944667,0.0005162145965335505,0.00034938666507530893,0.00019876995534512992,1604.8535666595487,0.3699598520753131,0.01380690554397643,-1.5311089702157428,-0.0003455844080093733
138,normal,25.0,15.362285329768161,15.345689207926808,0.6144914131907264,22.851397435369332,1.4874998701919497,3.2332501712811337,0.02890024578269773,0.014438831210352927,0.0004273189982893391,0.0008220540055934709,0.014467820062705361,11361.528272639536,2.453265715465945,0.06379813096292995,-1.4507527091640902,0.0004524519161770851
139,normal,63.0,20.72172499139744,20.632490901019313,0.32891626970472126,30.53738280954126,1.4736892233028414,2.5290709141716223,0.021589913140405835,0.013152939996896332,0.0004967975688404158,0.0003062240132271188,0.010167535240002048,13198.435096303858,3.2109104766479963,0.1216879625125324,-1.4570224666061118,0.00027559019573926224
140,normal,25.0,10.579391506045436,10.539912913991756,0.42317566024181746,15.084822325952148,1.4258686159696692,3.1190323400941367,0.029552137930920444,0.009940149986543741,0.00015329826523745587,0.000290558742337504,0.006244245189023223,7423.6747417431625,1.6753359035134971,0.05800645174708668,-1.5223605826664186,-0.00018752224645729047
141,normal,63.0,35.52060234662064,35.43155265426551,0.5638190848669943,50.40033287181445,1.4189042285537294,1.8822499525346261,0.012572709421099405,0.014001583121775744,0.0001680378225085171,0.00017755404188593153,0.0158486190869582,20272.529528113533,5.908523695236891,0.16606781631392112,-1.5213926243309357,-4.154360316291343e-05
142,normal,63.0,43.68272408052506,43.62613999785525,0.693376572706747,63.48716824657398,1.4533701727961812,3.3369494883254753,0.029008164039914228,0.016479298838297015,0.00030395050582307645,0.000293386425459858,0.03093364467775714,27461.24664286961,7.498780092944471,0.18192734104051025,-1.4960270860720568,3.878232748015558e-06
143,normal,6.0,2.3353660813424595,2.325141169672974,0.38922768022374327,3.4230769503168257,1.4657560440731208,2.127303936786964,0.014310994820479905,0.015729768589370276,0.00024095927090677613,0.000331697059969235,8.728968553517031e-05,1382.4175380568954,0.38705393753198075,0.013791146079882173,-1.4858610633208762,5.582897367142325e-05
144,normal,16.0,12.369441995487822,12.33791233368415,0.7730901247179889,18.167917132568288,1.4687741886599965,1.7096819137625812,0.014880887854613646,0.008349911563587066,0.00030521650924006225,0.00016549953360774116,0.006152233381233989,8374.615166560672,1.9541590877609851,0.05841389380378945,-1.4754005860798771,0.00016357620837083572
145,normal,63.0,45.8767186690096,45.85600360799503,0.728201883635073,65.8069645684621,1.4344305014883565,2.079374808096702,0.017712427435666894,0.010885283541386764,0.00017436580846798071,0.0001232539407127903,0.02429256465029765,25898.447140880588,7.479578971379313,0.1836447208321032,-1.499021459524452,9.121592815267229e-05
146,normal,10.0,3.369924750294643,3.354543005282094,0.3369924750294643,4.965772209341495,1.4735558138008173,2.3119210061424864,0.02178582776870533,0.00770981193057847,0.0002301335182471049,0.0002063296266699447,0.0004918719118809787,2170.9537378756077,0.5224939325643966,0.020353080437802196,-1.4570650010817148,-2.883043396798005e-06
147,normal,20.0,7.485537148484499,7.457346821001319,0.37427685742422495,11.1733089171179,1.4926529244313969,3.2213796760056246,0.02596872825178787,0.019012745410362467,0.0002433298648626383,0.000992824165564828,0.0019436860542778028,5159.92185531861,1.2006140204694098,0.04119961342276608,-1.4488700884657464,0.00013011620036392548
148,normal,63.0,21.64956691989742,21.58152323845448,0.3436439193634511,31.462242244914506,1.453250421122527,1.496629481963116,0.01342619498244152,0.006550862777547842,0.00028491755923937723,0.00018038685517876766,0.026876600120757446,14182.88820497204,3.29110547836112,0.11042026586720029,-1.4766623921970141,-0.00011282602213705336
149,normal,25.0,8.522701474514891,8.488356244855813,0.3409080589805956,12.111340530862583,1.4210682570142334,3.1744729405842573,0.029382988490953558,0.0120005159084611,0.0003022161019277508,0.00033106946520831086,0.0026553428981415817,5773.342798008218,1.5377472987065168,0.04869265172212091,-1.543969195432217,0.0005394840857023664
150,overcurrent_overload,6.0,8.238352207175955,8.198818907246322,1.3730587011959925,12.390667474897006,1.5040225474458575,3.5003477235201172,0.02952713049298726,0.018739029109973635,0.00019129065789859494,0.0008422530899153038,0.004561948897734747,5620.133872549875,1.2313673182822669,0.05799293080163533,-1.443873540514626,-0.0003245692479383184
151,overcurrent_overload,16.0,22.146262382602885,22.130747791794782,1.3841413989126803,31.73992432036951,1.4331955329794062,4.124573241073892,0.031169248798722023,0.026962132983880394,0.00046586734131250215,0.00042560315809411444,0.027828405119145812,17202.181493056738,4.138873826320604,0.11119577482149462,-1.5599418719746276,-0.0002614573831372419
152,overcurrent_overload,10.0,14.576926424690992,14.512629571102776,1.4576926424690992,21.219039592074,1.4556593737536239,2.4893644547121037,0.021862750478141544,0.01185117285210338,0.00044858819748151544,0.0004081297089627333,0.012982386215133698,10825.13211575155,2.3272705363296726,0.0974042223311301,-1.4895259493881379,-0.00015593176101044018
153,overcurrent_overload,20.0,22.7156362988176,22.61274678218379,1.13578181494088,32.65388018616091,1.437506735676302,3.817853350488482,0.03153941998860823,0.02147163926071799,0.00038121497243840996,0.0010163968523659516,0.0493750771235751,18385.882010147903,4.133738691406675,0.1527402708137173,-1.554344727625216,-0.0005582769721614535
154,overcurrent_overload,20.0,29.992520590870452,29.95104906481663,1.4996260295435226,42.600997184527195,1.4203873613768327,3.6243227024926092,0.0321489091984755,0.016729897736874593,9.435282144979352e-05,0.00015730457383935267,0.016248025454151632,18809.36183854222,5.238044235815519,0.15589601340236428,-1.536769035381539,8.495649994393345e-05
155,overcurrent_overload,20.0,23.371700052779236,23.282079178959236,1.1685850026389617,33.72459783222924,1.442967253328922,3.90810044441523,0.03644781877599981,0.014093214404473038,0.0002923042649850645,0.00029437942382716086,0.00811828234492059,13766.448387868066,3.849960992982391,0.1451030802534242,-1.5028933953820287,-0.000525922900338723
156,overcurrent_overload,40.0,51.72703802119669,51.53647951908439,1.2931759505299172,77.55833051180865,1.4993769888491866,4.369409615571358,0.03974029837190472,0.01809613089505639,0.0009435423037657257,0.0002522850312412307,0.22331813707369735,40006.32725886178,6.918360338143875,0.32056566891468047,-1.4159811283327401,0.00030045545785723757
157,overcurrent_overload,10.0,13.92528354934431,13.906623804811213,1.3925283549344312,20.275272394531314,1.4560042760515275,4.2316799492747945,0.03983534681264927,0.014259294487789674,0.00023651212541665327,0.00025130489429921285,0.002947762706470149,8824.788718909895,2.5626331897392403,0.07218212834159306,-1.4922268930369345,-0.0006680213622807176
158,overcurrent_overload,25.0,29.504172550763528,29.356889087121647,1.1801669020305412,44.16524737346486,1.4969153022671366,4.411088908346454,0.04196471894254306,0.013571868168269042,0.0006206784460784108,7.189530182943559e-05,0.03230486096386795,19138.73251899311,4.040641658327825,0.20775563357993942,-1.4132488743367957,-3.431394251770115e-05
159,overcurrent_overload,63.0,96.50201864133541,96.21656235357653,1.5317780736719906,134.3973772248153,1.3926898018883016,4.444047990360034,0.0339340793995357,0.028674355367774264,0.0005161423671824045,9.63088583299126e-05,0.4494916899863105,77786.17739210304,15.063895095128101,0.5606738031709333,-1.5555583407642661,5.670817270242263e-05
160,overcurrent_overload,40.0,47.61439256312576,47.570101411253354,1.190359814078144,68.49712132808871,1.4385801779543583,2.933510167211503,0.021970059276745578,0.019431426617680575,0.00029525394463266217,0.00021662964936287605,0.07313101388808423,32448.896296110215,8.767021159384043,0.24409652180331393,-1.5259626897187852,2.5060595372615775e-05
161,overcurrent_overload,40.0,48.515802190249026,48.44070510941963,1.2128950547562256,71.09305729910689,1.4653587921489672,3.7419480906561926,0.032599889700215684,0.01835902254091635,0.00025416374461663334,0.00024114191812426523,0.10350566906521716,31684.61217606137,7.099874073933393,0.25305444967400886,-1.4586785620646154,0.0007794151139172645
162,overcurrent_overload,63.0,92.72710204843587,92.44383780051312,1.4718587626735853,133.28513797314977,1.437391388572578,3.738174441497919,0.023593598528689953,0.028984514631677626,0.00041516161776779096,0.00021894651473805256,0.3923905960256323,63012.92098560598,13.286149911397631,0.5385121441897797,-1.4891693075868475,4.864810921779684e-05
163,overcurrent_overload,63.0,80.51190824501923,80.36988996683783,1.2779667975399878,122.55563979870726,1.5222051305033726,4.070549743097665,0.03698951834988167,0.01697603984772144,0.0002847533324081249,0.0003047364693605472,0.32693157816381074,54205.88201579438,12.744364262230743,0.42038499564943954,-1.439350748021607,-0.00032838239195676284
164,overcurrent_overload,40.0,50.12675546767124,50.122673974765014,1.253168886691781,75.28353543218806,1.5018633208614427,4.351324654117077,0.04033566428223477,0.016313883002223535,0.00029327452861927314,0.00014544655265264847,0.07329629201277388,32142.828984199878,7.858942175156363,0.2525120824500633,-1.4333722763215628,0.0002602977701247015
165,overcurrent_overload,10.0,12.562766590238336,12.553335226264368,1.2562766590238337,18.05416150427404,1.4371166870890983,4.585483554091237,0.040696144207684734,0.021071300874919086,0.000619290798333712,0.00015455871628096678,0.01647529059425309,9841.716900199704,1.932884358096345,0.06482433556077043,-1.4987280328226569,-0.0005517682417022758
166,overcurrent_overload,6.0,9.099560830426755,9.096811317532934,1.5165934717377925,13.565092450677492,1.4907414436780646,4.922734130991349,0.044251423260120895,0.02155456663484548,0.00021218960407396224,6.886325151363431e-05,0.0035345286596270543,5903.47131159147,1.1377280640965701,0.04540377572351407,-1.4089806480979283,-0.0009988083316713199
167,overcurrent_overload,32.0,46.09679896161353,46.08055953886865,1.4405249675504228,69.34716050358583,1.5043812599618758,4.359005453259736,0.03995246166573206,0.0174231178502053,0.0002271943219847329,0.0003513773301057736,0.048154804523173333,27519.16281908616,6.928158638962873,0.2235677832414009,-1.4224389586002535,-0.0005087301969851685
168,overcurrent_overload,20.0,22.45274567105649,22.344416411320005,1.1226372835528244,33.30927858809041,1.4835280760136782,3.8156390995224445,0.025068043016414306,0.028756006306467245,0.0003099137949044815,0.0001632837159340477,0.009890786372465179,13750.850631241992,3.5109647848815086,0.15624175066865942,-1.47752447520859,0.00025304989976153387
169,overcurrent_overload,6.0,8.625835475633558,8.623126185517172,1.4376392459389262,12.793276787768542,1.4831348015417318,5.3312674734099,0.04668133250400495,0.02574081059972126,8.173791255812217e-05,0.0003545623430607475,0.0012525108007880067,5518.068669028507,1.5378224863252405,0.04286131388291461,-1.503881730975056,-0.00037402094494799233
170,overcurrent_overload,25.0,35.882840517247544,35.86873819374169,1.4353136206899018,51.67153598188984,1.44000684548965,3.580296274249606,0.0337154102391152,0.012002098152342973,0.0004079052162871674,0.00021760673109690517,0.06901149526289202,26420.849032892696,6.08959531847063,0.18390898818776977,-1.5290833143538807,-0.00025691449478575795
171,overcurrent_overload,25.0,27.70949191971525,27.571712449965904,1.10837967678861,39.98288848661737,1.4429311299182173,3.5643553118081703,0.0272708649645279,0.02293564592728318,0.0003109453064218635,0.0003376494463118645,0.01823726690980503,18951.604737753674,4.92566383577519,0.19552257286708902,-1.5283157798161797,0.00033316621652986796
172,overcurrent_overload,40.0,49.97490490873574,49.80589851731083,1.2493726227183934,75.86253962267948,1.518012685761019,4.627474260076605,0.04017325559072988,0.022957284679880934,0.00027085687521672563,0.00018750924666570092,0.05815238119924532,30309.280137820922,7.392683814669586,0.2993391682335521,-1.4105254498630546,0.00020745754565492557
173,overcurrent_overload,63.0,95.55309666608876,95.48623140220873,1.516715820096647,142.35164394128134,1.489764841816072,4.485744872231291,0.03774030281803424,0.024226803199927125,0.0004834387181976398,0.000656026999182685,0.6016050902833607,71736.64988542021,13.788715334775095,0.4710112828357906,-1.431598116744736,0.0002488012890798949
174,overcurrent_overload,63.0,86.7696271705733,86.64021783502524,1.3772956693741794,123.54839327806008,1.4238668218979729,3.2159188837924684,0.022813673902147932,0.022654625276373193,0.0004328555047161161,0.00020541651571738653,0.2577753280856109,56832.50848100542,12.509224253587416,0.4379810583300273,-1.49960935589778,-0.00022647182975592747
175,overcurrent_overload,40.0,51.84240869185671,51.84498527543659,1.2960602172964177,78.29909328306138,1.5103290000846372,4.484659623477737,0.040613779729380524,0.019012495144871314,0.0002418893686495772,0.00015343060913166595,0.05163289141522401,31409.33835820546,8.25324853853028,0.2548274226837603,-1.4444227455451695,-0.0007079151392763394
176,overcurrent_overload,40.0,60.13866428739953,60.05639394147377,1.5034666071849883,88.66758760391276,1.4743857159630387,4.4461509088550475,0.037843204417137455,0.023312235260927718,0.00040877354411696863,0.00016283011645148307,0.3284541144167581,45547.32121314771,8.755349964755363,0.3035423772588636,-1.4567487702704112,-0.0012889958635045483
177,overcurrent_overload,20.0,23.14975823525084,23.05391289739933,1.157487911762542,33.52696755797115,1.448264263316165,3.02010421549075,0.021960613236538598,0.020720609164411347,7.663116847617286e-05,0.0001832555699205164,0.02500435831982191,15082.97073072181,3.1897252694610434,0.1485017818647756,-1.4742372544503726,-0.0005342451667181211
178,overcurrent_overload,32.0,43.52226002455766,43.313930595008614,1.3600706257674269,60.67547129693469,1.3941250123799664,5.354911168092381,0.04463391839677825,0.029561718535646455,0.00046155092664674883,0.0004819233551772998,0.18371513249845034,37044.55839413502,7.310770940948082,0.299152335995376,-1.5719568811199276,0.0006887381862593483
179,overcurrent_overload,63.0,95.44692594750072,95.23555786826185,1.5150305705952494,130.64492858085384,1.3687704164652148,4.7178945920207545,0.04582471907186584,0.011209212720623234,0.00017624822063113903,0.00015963958061706264,0.3201717855752887,63219.344526717694,16.22470738735122,0.5149068253053313,-1.5773190198761458,0.0001735384071362296
180,overcurrent_overload,25.0,29.918901570677615,29.887449385493742,1.1967560628271046,42.05085763432709,1.4054947015211965,3.115234518597507,0.026608126074867886,0.016189506171236056,0.00040669227500469507,1.1543363898306116e-05,0.02767734537435137,21320.242690613923,4.877476138562999,0.15413331075247091,-1.5284513320680604,-0.00038015223555606654
181,overcurrent_overload,16.0,17.777807014405376,17.747956650119484,1.111112938400336,25.059144998344074,1.409574587947155,3.567987051417538,0.032311969038013616,0.015072855278284012,3.44919583453903e-05,0.000315617445607246,0.018513258828617582,12627.22639268591,2.7788114312642938,0.09269821536643856,-1.5229925786438474,-0.0005343369139063539
182,overcurrent_overload,20.0,29.868923714001383,29.730640134527444,1.4934461857000692,41.8062917001366,1.3996584577012992,4.20961715036984,0.040179572507781695,0.012537781074546062,0.0003466938627097594,0.0002734653838627566,0.01758835864912603,18152.533208479137,5.116779863768164,0.20193684546013418,-1.550724985000351,-0.00019444872491711348
183,overcurrent_overload,63.0,89.56460600671548,89.45169605908477,1.4216604128050077,128.59756745969509,1.4358078842954676,4.42441641233438,0.03926955233045668,0.020374271180711993,0.00023741175202805269,0.00020850763567096874,0.17992751931153222,61012.15299282755,17.381318273733562,0.46105904485591415,-1.5462291492930504,4.579118343134788e-05
184,overcurrent_overload,16.0,18.275451622888845,18.224572275639787,1.1422157264305528,25.955333954460922,1.420229414223246,5.208802398442196,0.04503446295583305,0.02614335447330811,0.0002806830096796901,0.0007335899653112839,0.029828565294476004,14082.897609357267,3.1373626538874975,0.1051204924540857,-1.5018971269500887,-7.4095055659184e-05
185,overcurrent_overload,16.0,24.084363618466533,23.98138009751851,1.5052727261541583,34.816115649051426,1.4455900184512578,3.047191754123605,0.02686580316278243,0.014347062863392936,0.00018418235923439586,0.00014773304885403645,0.018606008237351188,17143.495942290883,4.383461123975127,0.1566316216660951,-1.5142544845708212,-0.0005416755513178319
186,overcurrent_overload,20.0,23.65553802301614,23.610723285782253,1.182776901150807,33.407367082698066,1.4122429618291261,4.177080397483653,0.03889778672626611,0.01519382220093889,0.00012061017442081839,0.0005061497632899293,0.02193140054370537,15689.799883624464,4.014340063763829,0.1256228942885732,-1.5433854534067895,-0.0009756511496488005
187,overcurrent_overload,63.0,85.19603017827852,85.13063409569968,1.3523179393377542,124.21599970728548,1.4580022032235187,5.309479221422394,0.04732945962920001,0.024041997806769296,0.00047831351027740265,0.0002820772593104304,0.32992740100691187,61570.07376445335,15.551747964940137,0.4193565900110885,-1.5324452060776343,-1.4030426425537687e-05
188,overcurrent_overload,6.0,9.110150790505646,9.087364414515722,1.5183584650842743,12.933187988762388,1.4196458746677785,4.549042150150768,0.03727213837977236,0.02607639657350054,0.0001306935203808204,0.00023241252726292054,0.0020350622217399418,6041.332532596546,1.7913408135150182,0.051132088320373026,-1.542660238652757,0.00013026421489100123
189,overcurrent_overload,40.0,50.36669644717373,50.15168282901666,1.2591674111793432,72.6543040796057,1.4425068389062492,3.156060080615607,0.027293372118017856,0.01580574273176596,0.00040829491670727326,0.00031598763412922585,0.17103196466306725,36472.91106837553,8.15658675939894,0.3277270354700343,-1.51354292844874,-0.0005563245788098331
190,overcurrent_overload,6.0,6.844743639763913,6.840113978159041,1.1407906066273188,10.114732909435736,1.4777372886834477,5.184688635706737,0.04607245252579916,0.023764220762495816,0.0004165018097833453,0.00020673548338194202,0.001132851511058722,4270.77471740755,0.8275728095176352,0.034828273193832894,-1.4069266621524563,3.746910883811394e-05
191,overcurrent_overload,10.0,15.040570625585186,14.981833761468396,1.5040570625585186,21.61908428225366,1.4373845792818873,5.437154862211634,0.045716791123559745,0.0294258218642282,0.0003048558208559429,8.068793605852424e-05,0.0062731998934324575,9501.12121010084,2.339692925065436,0.09408232237508062,-1.497125620106207,-7.31833633561251e-05
192,overcurrent_overload,25.0,31.968927943231662,31.8872518880966,1.2787571177292665,47.90300964151664,1.4984240236357396,3.624733387336198,0.025489067866372006,0.025759642178611052,0.0002914737583276071,0.0004067885116943814,0.06196922744419089,24142.22912673472,5.581131117420772,0.17853825787366082,-1.485632815735328,-0.0004404395369397241
193,overcurrent_overload,32.0,48.64750157838804,48.50862135116859,1.5202344243246262,68.45767058601776,1.407218631244637,4.376097194354552,0.04194540682872844,0.012462311878988634,0.00013378715486381327,0.0002793044465556647,0.05629308510242102,31841.058107963916,8.940571817155362,0.2798364903026331,-1.5734683998794456,-0.0008333029637400379
194,overcurrent_overload,20.0,26.750411559094843,26.637140868587952,1.337520577954742,39.66452397717347,1.482763130132299,2.423337998829509,0.020423028507494317,0.013001248782772179,0.0007597055622905472,9.019136137806409e-05,0.04721509195648807,18742.336424491452,4.163722171012338,0.1753010373309013,-1.4591768720062932,0.0007430813776719408
195,overcurrent_overload,20.0,26.976901682462035,26.916160845131955,1.3488450841231017,36.6237014313565,1.3575947994727784,5.1186317565951125,0.04709197356481912,0.020051786936087238,0.00031955553016027263,0.00030891736764279194,0.013926351950069936,16997.92499127545,4.575351376241826,0.1451435912251892,-1.5808581851888568,-6.602736147247902e-05
196,overcurrent_overload,20.0,27.274691908737122,27.1816540194891,1.363734595436856,38.95696058731637,1.4283189968282886,3.68299938843007,0.03147392919570031,0.01910785509597716,0.00042904051350994767,0.0003911714029776341,0.050339211922750676,19842.752433861515,4.684302609081431,0.1658208269073602,-1.5167401398058742,-0.00025977148278114775
197,overcurrent_overload,20.0,27.279750606941366,27.240050371274414,1.3639875303470683,39.928544443154045,1.4636697020071183,4.837764190222167,0.04319019593310172,0.021784784754828326,0.00014365879150935316,9.850719911646176e-05,0.038620321140383426,18352.873319705657,4.284444207312589,0.1419928803993739,-1.488126037999308,-0.0009517902294434472
198,overcurrent_overload,10.0,12.046719539917321,11.995190968069226,1.204671953991732,17.927458675695732,1.488161039592909,4.025000007171159,0.030125944550693024,0.02665967600497053,0.00034438604654536724,4.862815092410275e-05,0.007911451733301786,8554.898463737241,1.7876398304818717,0.07828420309958051,-1.441740013154421,-1.6994680754298225e-05
199,overcurrent_overload,25.0,31.456563808643235,31.300192081754496,1.2582625523457294,47.57207349575363,1.5123099199147132,4.217452927066624,0.03269624406277766,0.02662925125224408,0.00023768386377047733,0.00011197000312260383,0.04088328406073938,19687.11043775255,4.923669568546953,0.2206293069845561,-1.4305565826672593,0.0007076805487207238
200,overcurrent_overload,32.0,38.995922637546485,38.81052063017856,1.2186225824233277,58.660165337005594,1.504264070906262,4.7181433697608,0.03962606351959876,0.025592336220929754,4.515711998065152e-05,0.0005498829541701195,0.04514485267477476,25515.646983478127,7.24084761052732,0.26814627861524104,-1.4689193533900018,-0.0006030931548997394
201,overcurrent_overload,63.0,76.75745134722192,76.73121050600204,1.218372243606697,106.85480630022131,1.3921098788892579,2.5156472740066365,0.01978532101286549,0.015524754345890474,0.0004426971319134589,0.00017888331190327744,0.17385749005406198,47431.96383290968,12.431931480249721,0.37930203103287535,-1.5360638718560033,-0.0004517547216231092
202,overcurrent_overload,40.0,57.66918506360857,57.515949717369686,1.4417296265902144,81.13826168202084,1.4069604346085198,3.020625582111119,0.02743098815280045,0.01258521203294741,0.0003465344664457544,0.000716419367637305,0.13161445968658847,37914.49123356649,9.409216774528531,0.32138556395165674,-1.5489465624303973,-0.0005153660337983228
203,overcurrent_overload,6.0,8.980787203612405,8.941908996142944,1.496797867268734,13.540395636745277,1.5077069891814296,3.191550941052269,0.029949277691092933,0.01098688193286428,0.00039436114339843833,0.0002962801328203809,0.0036947098591215656,5847.43284550294,1.3688705372603795,0.058979128556656546,-1.434583343142094,0.00037996627038572724
204,overcurrent_overload,20.0,30.206751895303796,30.078481523713513,1.5103375947651898,42.29713769007579,1.40025441448577,3.504274688439866,0.022720159135471894,0.026675979719217743,7.847611209103024e-05,5.7161668258232e-05,0.016608027289794734,19967.58469975533,4.626755138890813,0.19295376226022873,-1.5251917615533648,-0.0004396063924211275
205,overcurrent_overload,63.0,88.70817407314422,88.28398182895073,1.4080662551292733,130.80539429278517,1.4745585247133501,3.1930829389898956,0.02367183343784385,0.021417459616026927,0.0005208467418286386,0.00010863556931573916,0.2708887105501676,61164.18740153176,15.36381088080506,0.6116259339242746,-1.5071394343534201,-0.0004845613262792415
206,overcurrent_overload,63.0,74.3051765424672,74.11157838131946,1.1794472467058286,106.87660932784851,1.438346751862269,4.0764681640637175,0.03736187704998157,0.016293214982256575,0.00021471147546419023,0.00018318941532237986,0.12822529953509026,48096.430283637055,12.66836697833687,0.42032944668683236,-1.5234531083150569,0.000202906699594402
207,overcurrent_overload,32.0,46.5423394239917,46.4209451984092,1.4544481069997406,66.01597856582903,1.4184069683953324,4.407320618226956,0.03940872852879332,0.019720300459569625,0.0001262651944388258,0.00026123425367634604,0.07372230545879595,33628.767304196364,8.271755560980523,0.2555262427423213,-1.5477938006419127,-2.0800567958269016e-05
208,overcurrent_overload,6.0,9.029518220641046,9.021468946526754,1.5049197034401744,13.015594185720108,1.4414494623340626,2.666412286205058,0.024691543394093175,0.009950450636753889,0.00042639853194723494,0.00029317402207992133,0.004541991062552146,6226.143457191529,1.3466208262232713,0.045721051459301866,-1.486580787488189,-0.000188746037427983
209,overcurrent_overload,20.0,26.416896197754188,26.366441167266046,1.3208448098877095,37.252191674577546,1.410165350020732,2.791410701977339,0.02371699129515193,0.01470276795730024,0.0003730844789862959,0.0002703684296028755,0.02110539577881599,17540.892414929163,4.4040319800208865,0.1413003200121146,-1.5163475898683187,4.784366249002896e-05
210,overcurrent_overload,16.0,18.68490259390959,18.636854041517637,1.1678064121193494,27.19051652817862,1.4552131802702708,4.050159033315895,0.032806454374907826,0.023703137579048603,0.0009783455710643295,0.000288977889299607,0.03490501632687131,15250.898391918214,2.7190027271156225,0.10442523739464406,-1.4691745188335263,0.0012526538497216759
211,overcurrent_overload,6.0,7.2790531167852235,7.250542504782222,1.213175519464204,9.987529133669799,1.3720918053567763,5.345070982096711,0.04753100082329829,0.02444346429036743,0.0003630946730360659,6.505737322625433e-05,0.0030212187625766928,5287.849249432789,1.2358319613282733,0.045909534727841116,-1.580385342210992,-6.727375932603139e-05
212,overcurrent_overload,20.0,28.889916372362197,28.803548317687774,1.4444958186181098,39.993448982516384,1.3843393821448422,5.326926490143788,0.044928209058619745,0.028615466415366622,0.00031782870760403166,3.12726135565122e-05,0.017099064139003615,18869.81071988888,5.063775549004466,0.16305009761455172,-1.5744895121283484,-0.00044832842004339737
213,overcurrent_overload,63.0,93.44130143919054,93.2704436426573,1.4831952609395325,139.61253317936982,1.4941201698558568,3.9415965146630514,0.036961305903001875,0.013644976019026818,0.0005549412142308605,0.0007650190064570863,0.8514382745665843,76242.65821003278,15.479134014045487,0.48560659605912,-1.4786463211500256,-0.0005673349689949871
214,overcurrent_overload,40.0,44.538148016537214,44.31793748203376,1.1134537004134304,64.44756926032778,1.447019513136269,4.293137167058349,0.03700860686702844,0.021751138034649533,0.00031421095554767564,0.000429176827115901,0.05596643243120883,27580.563101460455,6.007669950700633,0.3104428340383025,-1.4564647554978938,-0.00016485013343359457
215,overcurrent_overload,10.0,11.836496021939887,11.778133569597934,1.1836496021939886,17.325089494123958,1.4637008672623069,4.50926522248909,0.04224687672767322,0.01570239538011599,0.0003587694928372581,0.0008084451271084015,0.006973678366421017,7937.946428856842,2.120956903672048,0.08191201221062659,-1.5198244708046809,-0.0003843627797956614
216,overcurrent_overload,32.0,37.539012316628586,37.39599895071158,1.1730941348946433,56.3919439579298,1.502222367514122,4.238378077429397,0.035922854241363725,0.022480393282181196,0.0005781451972018019,0.0001231633288666925,0.03504612833683649,23816.612122966795,6.16542338382475,0.23337588743867865,-1.4596801512886883,-0.00017408265557325493
217,overcurrent_overload,25.0,28.821778811845746,28.73119181020212,1.1528711524738298,41.73407236255163,1.448004740913178,4.635522089507598,0.04034167593969465,0.022827538978068912,0.0001701482336969547,0.0001704081146014449,0.018385650395775457,19325.355669083292,4.822575438199071,0.16855269027485262,-1.4682891888339824,-0.000209022732965062
218,overcurrent_overload,25.0,31.143532248167134,31.00356955911957,1.2457412899266853,43.776167503500375,1.4056262839187443,3.926061838953729,0.03334479338289312,0.02071074994403447,0.00013714571297520085,0.0001420084315369566,0.057285808613107204,24931.902025362248,5.670828180237386,0.20921351876268188,-1.5587796908921236,0.0001980036560850378
219,overcurrent_overload,25.0,35.70625164795264,35.61874990272186,1.4282500659181057,53.89433282922649,1.5093808602227605,5.191066014577899,0.04478156104121654,0.026245677109835417,0.00016411106753045577,0.00012184647619482973,0.028296313750702136,22244.639559237206,5.437119470186868,0.1974301421735144,-1.4031514298749475,-0.00018090947442493105
220,overcurrent_overload,32.0,42.03236660649919,41.940754485997005,1.3135114564530996,60.60262369396405,1.4418085058087513,4.100626739634231,0.028706923854294505,0.02926702357113445,0.00011355639500093578,0.0003339990301881398,0.09469691692565467,30513.05167445261,7.529466474871017,0.22955509355223447,-1.5430042624646367,0.0008665356498167696
221,overcurrent_overload,16.0,22.039013353640104,21.930959989753397,1.3774383346025065,31.826766324146554,1.444110306210497,4.576563889775163,0.042147371385900356,0.017831284559768186,7.255601410708846e-05,0.00014437719857675384,0.01024443336540867,13691.61810145727,3.3118202579000124,0.15339426910083837,-1.4934477625204032,-5.963922909232026e-05
222,overcurrent_overload,10.0,13.707823484432538,13.662761870348017,1.3707823484432538,20.630830425482145,1.5050405666083144,3.667176948872084,0.024441992696609044,0.027329005854865977,0.00019570495363761942,0.0005195122543562555,0.010105927082145496,9900.504038645322,2.421985486910328,0.08109413150305299,-1.4829134498678518,-0.0008838771027067351
223,overcurrent_overload,20.0,27.177054007466616,27.17348521633796,1.3588527003733308,39.057997734795144,1.4371681979447513,3.615313928439594,0.030999968276246712,0.01859144034831629,0.00015785641903511225,0.00016962173509768518,0.027669097371765025,18412.32946562325,4.031797211494357,0.13433605011945854,-1.4862906796300361,-0.00015999280833226413
224,overcurrent_overload,32.0,41.67205989222418,41.65443743745222,1.3022518716320057,58.867399065228746,1.412634729746117,3.828548292178267,0.035687928171859964,0.013852610536987697,0.0002023824321684349,0.0001744430068385562,0.038111577048023274,27933.36325732577,6.908748594836742,0.2042081897918454,-1.5438387154212256,-2.3469868660777235e-06
225,overcurrent_overload,63.0,90.62665805234019,90.48960697889626,1.4385183817831777,132.5798550188053,1.4629233590493063,4.874466210029748,0.04344114161803157,0.022099154785444296,0.00036355246567748497,0.0004419443148977607,0.33796367267656036,58823.05660073794,12.951872927686754,0.4688690285315365,-1.4439522177507824,-0.0001790261038858874
226,overcurrent_overload,16.0,18.76424991795705,18.76328641003277,1.1727656198723155,25.81910732558056,1.375973323585728,3.4283052371413842,0.029122093638633557,0.018083363123084124,0.00020448742612436043,0.00011717112202286338,0.010709710670640533,12342.264867433129,3.017045233920583,0.09187892923214132,-1.5500141397897627,-0.0001956865252098906
227,overcurrent_overload,20.0,23.556898687756206,23.477762970041685,1.1778449343878103,34.03330765321509,1.4447278524595988,4.154153442615103,0.03416010139831144,0.023616692044611986,0.0004753747332007226,0.0004709932109070161,0.03630307146903343,18619.787939499587,4.610615246240661,0.1414870889301688,-1.550241852316229,0.00011070147859125766
228,overcurrent_overload,10.0,13.469626134647783,13.429148796989786,1.3469626134647783,18.98218786079741,1.4092587032212025,2.73571627656341,0.02210453592944933,0.016102903786163216,0.00031422023482687115,0.0003373098372217879,0.0036847500902206175,8560.852327867266,2.244403644304945,0.07758658022831257,-1.532957988199062,-4.727760021140712e-05
229,overcurrent_overload,6.0,8.834674855986394,8.795699902157311,1.4724458093310657,12.864277134270642,1.4561121198589067,4.002247882769162,0.03847078308573873,0.01101476132692059,0.00034995592179423826,0.00016607961267560992,0.0030277544196152992,5874.824350460308,1.6028482619126532,0.05922031851904803,-1.4988346120365252,0.00011194450468204772
230,overcurrent_overload,63.0,98.11940955468448,97.69404374391087,1.557450945312452,139.63538641627989,1.423116863917066,3.6992820963551067,0.024834487015602372,0.027401221149830565,0.0004886977907395139,0.00018964151358763688,0.39028305238786254,70168.48586282504,16.300802275288337,0.6390810494159576,-1.5289640525084716,-7.575191843475598e-05
231,overcurrent_overload,32.0,48.4873646083176,48.427530764671474,1.515230144009925,71.16048756631038,1.46760889439299,3.3542035700700947,0.024044601166276006,0.02338380220421915,0.0001335746296282878,0.0001846216075983949,0.03487221757248721,30324.23647192723,7.538047572711859,0.2455678916468483,-1.455215236551502,-0.0004285817450184078
232,overcurrent_overload,32.0,47.45581804604884,47.261802582986114,1.4829943139390263,70.95067873919189,1.495089151531424,2.883952770228915,0.0267941770232366,0.010635570832724348,0.000208853616363811,0.0005831994052726092,0.05147148922694039,28816.056918706316,7.495862713849669,0.3036436871930436,-1.4514548965958476,2.0117345957929937e-05
233,overcurrent_overload,32.0,47.69821309365735,47.54885225352813,1.4905691591767922,67.56647097105042,1.4165409265324975,3.7055199958344454,0.02924940288062322,0.022712718328709088,0.00028176376895321337,0.00048530412557678957,0.2260781638070597,44602.41699492945,7.928653837302282,0.2813822358320678,-1.548918871093127,-0.00027538353227418694
234,overcurrent_overload,25.0,36.63863152051974,36.49197633380003,1.4655452608207895,51.58898145512826,1.4080488083957892,3.9903366428723923,0.038355648888450986,0.010989761317368158,0.0002033106399768441,0.00027645039512636796,0.05461319342662664,26831.966877800984,6.7396300650917755,0.23671136213295527,-1.5678538075741784,-6.916008094696617e-05
235,overcurrent_overload,32.0,47.98037213075661,47.93935740883995,1.499386629086144,66.81089121652678,1.3924629645026636,3.829169192628184,0.03021602513391495,0.023495846476807553,0.0003865174408971832,0.0006336573217131003,0.18993868166394573,37371.010547122976,7.438549703950182,0.24282069930916472,-1.541667201910945,-0.0005926169078766766
236,overcurrent_overload,40.0,47.88689814766503,47.74038218839395,1.1971724536916257,67.35649505891475,1.4065746094016425,3.4484852276940403,0.031473088208254126,0.014050121374924892,0.0004864992915106247,0.0005354762990214917,0.10833492348167498,33103.46298089875,7.963232414207386,0.2767904572777064,-1.5515453761065567,-7.525591256814977e-05
237,overcurrent_overload,63.0,95.18556457423426,94.80577234864043,1.5108819773687978,139.74956920505727,1.4681802837298905,4.906184198907839,0.03956041314029175,0.02900604077639234,0.0005132154280376195,0.0002803522045249374,0.25973386245651675,65309.49017154327,18.7521768192975,0.6096225819735186,-1.497519729703991,-0.0002598663035170521
238,overcurrent_overload,32.0,46.38245172613543,46.342070876019,1.4494516164417321,67.9981619814165,1.4660320756963154,4.322947328451625,0.03388976331603221,0.026826888340679547,0.00042385671371705775,4.8270823730007724e-05,0.08489493562808961,31433.388440241135,8.085019993942328,0.24108808826569833,-1.5125641414073148,0.00046899212529651714
239,overcurrent_overload,63.0,86.6009934259268,86.37411923258128,1.3746189432686795,128.46336016113983,1.4833936087527233,4.70405719665452,0.04573068947984517,0.010993005971225987,0.0004694717411399065,0.0001481418835023623,0.31866140648099744,61449.22012611356,12.553238760964666,0.48395671171105253,-1.4329365716737357,-0.0006734078745503831
240,overcurrent_overload,63.0,72.66039165069802,72.53258270962826,1.1533395500110797,105.44788850056155,1.4512430514554941,5.100563306450152,0.0465572470970566,0.020810081002244584,7.928770169358009e-05,0.0003949163077331359,0.17503416103869587,46745.11750530225,12.200815032723494,0.37970896746705735,-1.466680124184712,0.0003289777251132531
241,overcurrent_overload,20.0,27.670265617910104,27.63476751990664,1.3835132808955053,38.4634564714018,1.3900645913971832,4.710981091011539,0.045376307730111184,0.012644222307832834,0.00034025902816494996,0.0003184110279497222,0.02153730747776991,20231.28086103735,4.609677235980323,0.13723308606645776,-1.5581936826315141,-0.000621835322121696
242,overcurrent_overload,25.0,31.79354587543171,31.664214418067896,1.2717418350172685,44.3475424194198,1.394859906214307,2.9003371596175307,0.026616164206807152,0.011463652319406813,0.0005236390905492606,0.00042232613120705016,0.04809006785293429,22462.438434427146,5.227803007058107,0.2039303172193956,-1.5446705461840966,7.237462138298755e-05
243,overcurrent_overload,25.0,31.866031898921666,31.83541964049218,1.2746412759568666,45.545873532181346,1.4292922844997626,4.085812986991008,0.02937238576977364,0.028383000649327934,0.00033053764166101734,0.000801798493926435,0.04722285462514098,20889.340330567753,4.703973015442105,0.1619682130598271,-1.5024770086261343,-5.3576021804452886e-05
244,overcurrent_overload,63.0,89.95768366725453,89.59295790340869,1.427899740750072,127.92049353883331,1.4220074186278275,4.763029075390945,0.04332484513772994,0.019783543613984496,0.000171641714036114,0.0002919280923059453,0.15955966657442627,52856.928408004154,15.133393672860192,0.5742132421803011,-1.5391810410764155,0.0001961678319560742
245,overcurrent_overload,6.0,8.351031815394023,8.331303574213548,1.3918386358990038,12.226610808995469,1.4640838494942916,3.953336095657269,0.03264879903550321,0.02228252087487789,0.00045360948166147487,0.00023874496873743485,0.0014933154209743889,5000.480558254361,1.3272360157516534,0.04540223245294215,-1.4759151618890345,-0.0005024727910893169
246,overcurrent_overload,63.0,81.55707086051974,81.48446285795563,1.2945566803257103,118.84665524960673,1.4572207411838396,2.573129495371478,0.020811982655052522,0.015088923959115298,0.0002308780067125186,0.0002901356965104965,0.2815978832174414,52896.50319879577,11.588046107532687,0.40582222969941917,-1.4616268106508745,1.8578591500063221e-06
247,overcurrent_overload,6.0,8.23477604455696,8.232413623054066,1.3724626740928267,11.323483535930153,1.3750809339908754,3.9684581337793197,0.02789820370388283,0.028218956760566502,8.662065582780242e-05,0.0001391180159445088,0.0012905274147116247,4993.36869056485,1.2808986950254653,0.040190916826521796,-1.5322330126262211,-0.00018154970974822686
248,overcurrent_overload,6.0,7.5910318970677615,7.568963957082395,1.2651719828446268,10.613105255139471,1.3981110075220413,3.5365768745273694,0.030592195299141978,0.01772816525912208,0.00022143079330129767,0.00017992737746439324,0.003125110442392545,5599.329263313497,1.2781422906535427,0.04346467856507151,-1.5420275860596457,-0.0006732126082402508
249,overcurrent_overload,6.0,8.183376934898003,8.145006920113099,1.3638961558163338,11.696363656619923,1.429283259006622,4.011671014618057,0.0338606664411914,0.021502437071970536,0.00022518283338792043,0.000422820048079902,0.0014694910812829915,5205.163860132573,1.230732597498437,0.05616100158856622,-1.4730034545436022,0.00015551405915827476
250,overcurrent_overload,25.0,36.470337682593524,36.32829032505331,1.458813507303741,52.738712728056896,1.446071412488781,4.322228732553578,0.03227517181174202,0.02872502766943767,0.00047502179876443557,0.0004094432620347389,0.07217976493770845,29450.378238564397,7.2146776401733,0.22851190912188324,-1.5253087186521121,-0.0012669940044122226
251,overcurrent_overload,25.0,31.57565808934391,31.446251776322843,1.2630263235737564,47.025260378356975,1.4892883702948911,2.968955025150569,0.020866167399932127,0.021086710558864335,0.0006554097282185618,0.000408883769324729,0.05130152375504066,22532.882282611252,5.072658241691562,0.20284631057424124,-1.4782168498779245,-0.0008051114686780588
252,overcurrent_overload,25.0,34.21879568806645,34.15990370772942,1.368751827522658,50.22988764536723,1.467903432423153,5.120701470014549,0.043909400232253606,0.026326890330241045,0.00043168344180169406,0.0004726894049848671,0.0998924004629742,29130.160740471565,5.862222756314076,0.17974019916453587,-1.5344188855352916,-0.000447007323374411
253,overcurrent_overload,25.0,34.24580272298421,34.14457310571348,1.3698321089193684,51.68008640659093,1.5090925688944807,5.466797938125075,0.046823533743074186,0.02820227522912746,0.00022250105108612925,0.0003658466826480528,0.06191148243281065,23787.459815821287,6.139802352826795,0.19671880106200082,-1.4750155181542581,-8.37146226805911e-05
254,overcurrent_overload,6.0,8.234245130891239,8.217766984554366,1.3723741884818732,11.812353091473218,1.4345398882678346,4.980543709136436,0.04627398570709272,0.01840102271968877,0.00013044500292275324,0.0004096742818146458,0.0027480348154354855,6086.988493991731,1.530483508244632,0.04431252803357948,-1.5564767243289745,-0.0002480630065303852
255,overcurrent_overload,63.0,80.17351916649535,80.03584165921352,1.272595542325323,113.14089367008364,1.4112002921278053,5.245346434064472,0.04956005977650485,0.01716924727809139,0.000244611919986926,5.980804352192849e-05,0.20204090274149072,55804.16135983439,16.043935708470237,0.4357492458845013,-1.5550545259953894,-9.097627960949527e-05
256,overcurrent_overload,32.0,46.05657030647778,45.95330181011839,1.4392678220774306,65.38661304282586,1.4197021750924783,4.559695181705247,0.04056635196146015,0.02080672010724439,9.140722792037517e-05,3.586880543108205e-05,0.1258618847761975,35472.549529945536,8.933824483895643,0.2521825346381135,-1.577093551230735,-0.00023708789308918914
257,overcurrent_overload,32.0,41.559265599112294,41.54695401081084,1.2987270499722592,58.65037456362178,1.4112466550290368,4.229858722372771,0.03376869294206335,0.02545269669376971,0.00025583215904083784,0.000577528458833681,0.08173288700708625,31259.918804191555,6.482852819111613,0.21056528998968949,-1.5089060320729828,7.067168406211667e-05
258,overcurrent_overload,20.0,24.287678770587355,24.210745524408473,1.2143839385293678,33.55789347173618,1.381683848313799,5.365867426776078,0.048023511172124715,0.023911680061074275,0.0002858274460386219,0.0004860395665614804,0.04144399960178399,19826.243748736848,4.0966728657227565,0.1419821214538021,-1.5784599731376037,-0.0002532176092833662
259,overcurrent_overload,63.0,72.71695432263628,72.60110626332313,1.154237370200576,102.54641948814691,1.410213346281676,5.227779768181984,0.046690491481326604,0.023505030835799492,5.522708329025688e-05,0.0003046934106372222,0.18554190727997638,52760.00989269704,14.102668778839982,0.377613808509509,-1.5827275284938245,0.00023984951661581332
260,overcurrent_overload,16.0,22.63486977295795,22.538910851293636,1.4146793608098718,34.54826760650555,1.5263294179078644,5.034498625092162,0.040776300082967835,0.02951402563946444,0.0002145364623134483,0.0003503831852596553,0.022863360049863852,15520.265484201125,3.8422386378511764,0.147894564541587,-1.4444916640463938,-0.0004023680756611149
261,overcurrent_overload,40.0,48.8162177768599,48.7568305058177,1.2204054444214976,72.33643283840166,1.4818114989483908,3.849818090893268,0.02808659623495172,0.026318820427847698,0.00032907758918199155,0.0002026409076837781,0.060093953959513176,30610.82284859924,8.891850057756189,0.24705957597251083,-1.4914554459233307,-0.0007974581901854763
262,overcurrent_overload,40.0,61.85488993194883,61.711684037328666,1.5463722482987208,90.99321924873561,1.4710755988309567,5.05529979197452,0.04893512028360993,0.012671867265922374,0.00031960836351218285,0.0002662125740240143,0.0778199050984004,36961.425085353025,9.721440565679295,0.3341473712239641,-1.4528631170642312,-0.0004068803588680921
263,overcurrent_overload,10.0,14.236478179426662,14.204514660334981,1.4236478179426661,21.11641413319533,1.4832610892648788,5.358130124568292,0.050049659796950426,0.0191264532857288,0.00013799765841885028,0.00014751979718230504,0.004336899099658136,8511.947897074377,2.269298896951911,0.07912828592892546,-1.4489384771093392,-0.00019249921018732295
264,overcurrent_overload,16.0,22.334013936835024,22.284604767484474,1.395875871052189,33.1793044196537,1.4855952231428569,4.3339672679963215,0.04134514521950192,0.01294962644267857,0.00016643140720660002,0.00038661483674128083,0.016739416603727166,14519.495959374754,3.2450439527989694,0.12023434471791293,-1.436430562215389,0.0010687393749509375
265,overcurrent_overload,40.0,45.79083068181756,45.72178406054235,1.144770767045439,66.74000994579991,1.4574972532840134,3.7441012979323696,0.02684235148822949,0.026086775883574526,0.00026875893279690305,0.00035480933868688684,0.19770249008866803,37484.57861266462,8.119815895968783,0.2400839063916896,-1.5394081231243704,0.000755312396807047
266,overcurrent_overload,32.0,48.14920511496828,47.94099137568977,1.5046626598427588,68.03444587740529,1.4129920881049445,3.6300504793005492,0.030694988317962454,0.019335080278489795,0.0003946429413552891,0.0001590177147551191,0.1825473696492436,37659.65623397678,7.893922603078608,0.31965743840125627,-1.5200174987892165,-0.00024463082905302027
267,overcurrent_overload,20.0,29.63199091975469,29.49041480937401,1.4815995459877345,42.68637583734038,1.4405503818996583,4.867105963421578,0.04532011504067991,0.017723240732313277,0.0004108086859507455,0.0003977667920158073,0.0579486368220612,21667.113476245857,4.496187059918548,0.20196906769025705,-1.508186425141719,-0.00019178916224066997
268,overcurrent_overload,63.0,93.96695587112252,93.78224682277042,1.4915389820813099,136.2744467290436,1.4502379635932483,4.15253907247174,0.0381754406668322,0.016324763705395925,0.0002280902838822274,0.0002061685840491225,0.3685750489242243,66664.81318967044,16.849938154775177,0.49773228064424924,-1.5289057856134027,-0.0003172211405837875
269,overcurrent_overload,20.0,29.10048405941342,29.071139771981628,1.455024202970671,41.50040818876437,1.4261071431873213,3.7863239716164463,0.029750227628943155,0.023414425801984357,0.00020973653288358627,0.00028609710969942367,0.013377320394704862,17908.188092181565,4.407145216238467,0.1473359698717408,-1.4822387563198152,4.3248084495987426e-05
270,overcurrent_overload,25.0,36.91287933675039,36.7746045233646,1.4765151734700157,50.907584374023905,1.379127970706996,3.8417709084345533,0.028784645357495864,0.025432697561481858,6.105652472577499e-05,0.00015276551886159845,0.019551995578839458,22260.928641766586,5.96770772540965,0.22835256360372566,-1.5347183861446378,-0.0002618243278732078
271,overcurrent_overload,20.0,26.0424766284478,26.038540945202474,1.30212383142239,37.043130833134995,1.422411983322972,3.6260658296816213,0.034588598578133976,0.010827981451371184,0.00023689437823719775,0.00034902630511462936,0.04931158047952876,20232.670266870082,4.629432406512164,0.12852718614293493,-1.5657405570911365,-0.0008852653913286932
272,overcurrent_overload,20.0,22.339189012361427,22.31252746987933,1.1169594506180713,32.501954601351315,1.4549299252498098,4.124791294985678,0.031142471247381964,0.027032493754611597,0.00030286073112835167,0.000542394410924692,0.02195414956382935,14860.07051251753,2.8398080648925763,0.11314911051850748,-1.4371974482722403,0.00017957139458179416
273,overcurrent_overload,40.0,50.97757294359344,50.73832434452642,1.274439323589836,73.66643505880138,1.4450753694937193,2.8949922990629333,0.02683357772304231,0.010799426843767624,0.0010383854694719177,0.00015934955511585008,0.1152477903111403,35446.428910413255,8.898011790180117,0.34837557382317585,-1.518848360099026,-0.0003202381145617644
274,overcurrent_overload,10.0,11.979007268154371,11.929629484878285,1.1979007268154371,17.871257458260104,1.4918813434797824,3.1115958488683386,0.026988560012627987,0.01547127523206245,0.0002689507527669342,0.0003123842785857246,0.004945933037299876,7381.985326487528,1.8999619800015166,0.0781192224605423,-1.441109994981208,0.0001735219209467007
275,overcurrent_overload,10.0,13.594289417339732,13.574240861472903,1.3594289417339733,19.519483411909782,1.4358590442819696,4.118806305310428,0.03976672025016657,0.01061713456046647,0.0006901651428292367,0.00033344843572652227,0.013037608410323634,11305.62499253706,2.398267532561436,0.07008255516794293,-1.5307905220810163,0.0007722448195124616
276,overcurrent_overload,32.0,48.3555663722392,48.15334253269103,1.511111449132475,66.32565060897312,1.371623901517962,4.821857528514688,0.040924612335199624,0.025486293440244435,0.00026594686600995795,0.00033152222055385323,0.06527223977903145,31695.477555647198,7.7818407986750024,0.3146018143868579,-1.5642567328699613,-0.0001623746381882415
277,overcurrent_overload,25.0,37.317299225737656,37.2549558945654,1.4926919690295062,56.252901084262334,1.507421551127618,2.524426061631078,0.020053483924972967,0.01531445339418783,0.00029039434267572067,0.00026101259240466544,0.1253707798648026,27974.993363407168,6.37363173534808,0.19371075499629156,-1.4799252548393727,-0.0009216441184837663
278,overcurrent_overload,20.0,26.357020870229103,26.274636862652663,1.3178510435114552,36.55958387000415,1.3870909025955962,3.3616389073532913,0.02771029497258831,0.01902229285196328,0.00013344647031600533,0.0002093836469066858,0.013442959840314225,16402.502118897617,4.184784497488932,0.1550288265475169,-1.5485661057746236,-0.0006489566900025916
279,overcurrent_overload,25.0,31.15599339188072,31.032984012799524,1.2462397356752288,44.40450840077519,1.4252316670128007,3.0898180144941683,0.02825506429668302,0.012482018826800782,7.092306626181755e-05,0.00013689083485389234,0.03234735419344931,19221.032727293248,4.9532648604043565,0.19759998395722153,-1.5032573621835166,0.00014557276554470102
280,overcurrent_overload,10.0,13.940181166051893,13.909187314646505,1.3940181166051893,20.957901613778407,1.5034167320087017,4.7613839018312625,0.04610117855423037,0.011889808569429913,0.00014019084892114944,0.00043110105517794346,0.003317438640689044,7593.540450667096,1.9122315489716497,0.07549426966325365,-1.4010530994051216,6.257999096846507e-05
281,overcurrent_overload,10.0,11.713281996485609,11.684118915658484,1.171328199648561,16.310052650333645,1.392440876420015,4.011748934452304,0.03131249079574849,0.025065493881442257,7.645620012258987e-05,0.00046754016687299504,0.003909286055809548,7895.2647321128015,1.7471817351728258,0.0648964484671232,-1.530793792808643,-0.0006273228211886519
282,overcurrent_overload,6.0,8.075353814760629,8.045513520007,1.3458923024601048,11.470479703310161,1.4204306046532948,5.191466217525297,0.04367057936409113,0.028048092011627005,0.000496297964221601,0.0003561136653963907,0.0030287652302205545,5873.726214943164,1.36999789000585,0.04940026703260496,-1.512775035656901,-0.0005381840293619946
283,overcurrent_overload,25.0,38.7388240950536,38.672958087108576,1.5495529638021441,53.83199132354753,1.3896134583246553,3.0282109097255705,0.02602035769543813,0.015480386836427112,0.00023645147422781632,0.0001262040399888106,0.02797289624434656,22495.530523158912,6.131849035405413,0.20129092832157605,-1.5409029800922645,-8.761737109016879e-05
284,overcurrent_overload,40.0,44.51822330131245,44.30002598146723,1.1129555825328112,65.81026577818595,1.478277004256985,5.143436837378024,0.04858680212683814,0.01684773163764504,0.00048325455594648564,0.0004960332962862416,0.14805851482913818,31134.026254647702,6.44101654537255,0.31036267451693067,-1.4273333945971347,-0.0005840031048332795
285,overcurrent_overload,16.0,21.054732002747006,21.03109363508472,1.3159207501716879,30.750959226558983,1.4605248464376743,4.2116018113879115,0.039121654027984676,0.015580524121470072,0.00032471747431305154,0.0002866245480577004,0.00931926598768761,12273.038089143889,2.9950785457476123,0.1109067010149161,-1.4427862709980273,-5.327306370777406e-06
286,overcurrent_overload,32.0,49.83310403069606,49.75371080857597,1.557284500959252,71.355171248391,1.4318829347456654,5.707422500101103,0.048525086960066105,0.03003981981802673,0.0003210764221908501,0.00022974514945004254,0.14276906040618714,38668.748659288496,8.498989015489505,0.2619298264212545,-1.4745508440743924,0.00018857965840862097
287,overcurrent_overload,63.0,99.02034645635814,98.60205258264675,1.571751531053304,137.7088090337216,1.3907122521836877,4.955572718564238,0.0429734352829157,0.02465781449303488,0.0005393451402312933,0.0002003735560624171,0.6185030454501377,68649.72065606501,16.312791339834437,0.6461572253620496,-1.5538537702172206,-0.0006913840291230998
288,overcurrent_overload,25.0,36.16766278471124,36.04595014848995,1.4467065113884496,53.713725968424235,1.485131242421474,4.747557111722025,0.04284577695390603,0.020436453145047218,0.00035170198665708817,0.0002155043845349501,0.051169836219530196,24448.84046535559,6.708476243123136,0.21764900015876415,-1.467109867236861,-0.0005404260764932548
289,overcurrent_overload,32.0,49.22467821519111,49.10665253662588,1.5382711942247222,73.91580947480506,1.5016006635974815,4.039109390915877,0.03251861363425863,0.023943705827206528,0.0002296550835418521,0.0002824795325952323,0.0786872949509244,31025.377749991225,7.874156646101684,0.27780020485125084,-1.4338687242603838,0.0003937173242155933
290,overcurrent_overload,20.0,23.463528138717276,23.414987683378005,1.173176406935864,34.889088445689005,1.4869497987658304,3.38663065866449,0.030116284094814556,0.015474274148881641,0.00017389338706357094,0.00023682089049351237,0.03486654416623545,16382.674124886707,3.3767755081472806,0.12658290865104055,-1.4461792820777843,-9.07015991093479e-05
291,overcurrent_overload,32.0,49.67994807226976,49.44875065361798,1.55249837725843,70.41162491871802,1.417304720505594,3.9049970073479634,0.036390412338528674,0.014148302923572813,9.66524131243732e-05,0.00031969015573206214,0.08890133566876718,33929.26508744821,9.18312363176993,0.33800037549639345,-1.5454913350971322,0.0002816166632598568
292,overcurrent_overload,10.0,15.461670858466361,15.400059947921656,1.546167085846636,23.179349892835354,1.4991490960786988,4.447750238186198,0.04049675306736105,0.018365061071491103,0.0002586532889859511,0.00035934303106254894,0.013621276473897126,11305.233053439588,2.544335149764852,0.09786994747811625,-1.4273071173935425,-0.0002927873527730641
293,overcurrent_overload,10.0,11.252720823352785,11.247433572023748,1.1252720823352784,15.874991024802727,1.4107691173184151,2.740309991428663,0.023175072938468395,0.01460220625801971,0.00023941081593060684,0.0005312625508081752,0.002863002936002104,6894.078764246326,1.8671775662061365,0.05641924646309144,-1.524575273060098,-0.0005308976868764371
294,overcurrent_overload,40.0,55.60883569391883,55.391300955768784,1.3902208923479706,82.500175073897,1.483580334724313,3.821771141109403,0.024716805121526502,0.02914249817773662,0.00020117712824685959,0.0003474698911786433,0.15090109990145376,37991.733402804624,8.81070781463671,0.35647347143573943,-1.4832902462722712,-8.037106185594809e-05
295,overcurrent_overload,6.0,8.279776479678581,8.243592636826813,1.3799627466130968,12.013300946554029,1.450920924566971,4.225941784406401,0.040513146374526555,0.011969914514188133,0.0007550344110832639,0.0004445068678656706,0.004144368994207972,5588.027837025927,1.328669586266818,0.054999786547180796,-1.503874753921364,8.587291681703288e-05
296,overcurrent_overload,20.0,22.888190351447477,22.825727331281787,1.1444095175723739,32.55836716469735,1.4224963469519478,3.401675848961055,0.022871199831109135,0.025165515485119402,0.0002647261990630169,0.000552195351266529,0.04310713782010432,17418.26924060103,3.6967472384923616,0.1300707730548428,-1.5169386599342185,-0.00014417203374388909
297,overcurrent_overload,6.0,6.831704580865455,6.817072051307036,1.1386174301442424,9.576473533457484,1.4017692683723375,4.776151971650877,0.04650408625992703,0.01083610635193434,0.0004968341712292807,0.0003546474032215154,0.002704252672850808,5086.398285456097,1.2510666905636676,0.03693136498461705,-1.5801549158227772,0.00035251716562383154
298,overcurrent_overload,6.0,7.018541455942684,7.007017074448906,1.1697569093237807,10.52758005300378,1.4999669258332844,3.8208132385070974,0.034503140304801505,0.01639091180190414,0.00027656376846511756,0.00047084331088228636,0.0016965579390299454,4272.507061287084,1.0887303786350593,0.036398963015545675,-1.4377411529500577,0.00026860813009156083
299,overcurrent_overload,6.0,7.191795995114466,7.184202339016225,1.1986326658524111,10.234434627191028,1.4230707646213014,3.222609449021392,0.030089297479939773,0.011499358819912854,0.0003575721271901118,0.000554180217302911,0.004834903486498867,5488.492952569962,1.2691215778993818,0.03553773463776578,-1.553519485415132,-0.0007107241586938758
300,short_circuit,63.0,437.68534737338325,437.6307469084286,6.947386466244178,2465.070621853188,5.63206110654794,5.72817230741726,0.02311508998914132,0.011533756043514273,0.008135444868663617,0.006212830690326325,498.18613583730234,4732048.725649526,204.62745047459197,35.234183485800855,10.94700923945262,2.550028227223508
301,short_circuit,10.0,41.512363410610895,41.280676661275486,4.1512363410610895,235.83512192358597,5.681081551180089,2.3382841780722354,0.004025167581309587,0.002098024811013708,0.001058306534433304,0.005148464162171368,4.818852086726169,101378.6887183727,19.036391125662032,3.3794864746059687,11.113437635596187,2.276673509246026
302,short_circuit,25.0,60.88245737747875,60.69178215233418,2.43529829509915,492.4027676923682,8.087761054573118,14.268823214158456,0.06134250251254826,0.03629675029820117,0.023969664142163293,0.023338958934395523,30.962606026370903,2368089.512613227,30.17851415895295,5.425808419331505,21.989628217847148,3.6489338237435764
303,short_circuit,40.0,214.88490360970894,214.31298000110775,5.372122590242723,1649.8675151156733,7.677912628541911,16.412134768464618,0.07656427177785216,0.04236846761424576,0.02405396595294903,0.021265617707914408,281.3750345506877,8166475.51531259,120.81493538589712,18.807722867425397,19.377742858144085,3.5186236103984747
304,short_circuit,16.0,49.30501444153944,49.454870641085165,3.081563402596215,392.55674139239284,7.961801569896759,14.603384055548918,0.054804949611937145,0.044789074926025636,0.0237479796368539,0.015061988262430947,20.603899035495413,1855536.18863607,28.196018422640453,4.6799957936737995,16.73921430483333,2.6581749929231218
305,short_circuit,32.0,304.30513959105116,302.08256131071283,9.509535612220349,1604.3823528732137,5.272281483723985,4.533354241199222,0.020489760358813974,0.014817934550203414,0.009650844854165015,0.0075379609540307336,186.64548801499816,3763051.0469912454,145.72295433489222,20.387776807953887,7.767165746794996,1.7833959206183527
306,short_circuit,6.0,35.6980754065238,35.72880348399878,5.949679234420633,232.65596839709295,6.51732525468468,9.853690721404217,0.045779210782776206,0.029372579187181114,0.016977036438706784,0.02294751776218156,6.016814402661718,555034.2356108098,17.411290127431965,3.404156755050141,18.00379937847917,3.5429354762874086
307,short_circuit,20.0,79.58503306632339,79.13036431963144,3.9792516533161697,377.15744264662675,4.739049895569909,1.7148479841910078,0.002134861815094793,0.003024693439645559,0.0004975806554157912,0.0007804419971872749,12.363094775279968,215201.6432340465,28.998443313200355,5.821767134453792,6.2696650162950665,1.1678521206693502
308,short_circuit,25.0,203.98761347043833,202.74424484063064,8.159504538817533,1047.5575067690643,5.135397629992568,1.4665081958476502,0.00490926148554377,0.003710829861650107,0.005834886489838908,0.003272852160858292,76.81097414798582,465606.71149982413,98.17432325409825,13.899007910059007,8.1471956111765,2.1868693199138
309,short_circuit,32.0,180.56406078584254,180.01679053476926,5.6426268995575795,976.1135341567967,5.405912615739781,1.0146532170364235,0.002441643760551333,0.0003612338908792578,0.004826266969019738,0.0020657184828059127,77.97299652635346,586384.0398407424,82.33875842963447,13.703210666137569,9.354517745240784,1.7777606469679403
310,short_circuit,63.0,209.354321045459,209.70057772369327,3.3230844610390315,1428.6202373472365,6.823934802044059,2.1855986701241634,0.004985140596811361,0.002491564048503492,0.0045131335016919795,0.0012623388417832549,124.66957237094665,528518.7333955417,126.39174916233388,18.15735206630774,19.42065845206333,3.8927121147324915
311,short_circuit,20.0,156.26673134995033,156.16613877402352,7.813336567497517,847.9842502278412,5.426518126391234,4.788231055174958,0.017965788193295675,0.013975696086196978,0.010710695175835356,0.007299615228706923,54.96087128723012,2169630.4547099993,77.13778411362216,10.106304878755788,8.850124042009014,2.3935822741162935
312,short_circuit,16.0,69.317338047226,69.09612284155602,4.332333627951625,451.7294465391513,6.516831996994323,4.661284665296985,0.0189925000069722,0.006729919477609584,0.00824643765318374,0.002766200478612984,17.499663717612012,736812.7198032455,38.33256283519312,6.11054799789055,16.428146391975915,3.452048638720463
313,short_circuit,63.0,240.3559439983641,238.86044877579891,3.8151737142597475,1536.4360635360413,6.39233645721741,10.289470930047983,0.03969219111332359,0.019120229501543465,0.018198371982645994,0.01159411912804971,321.3934134585047,6124145.818814138,183.2634044007397,22.36452788500764,15.94551083201625,3.370017585327282
314,short_circuit,32.0,193.446134824295,193.00240945478126,6.045191713259219,946.7261129827565,4.894003769254751,2.5544586600604013,0.011503462149763553,0.007403324690437181,0.0032268086586702146,0.007453086841933028,66.44277678386246,1820233.3348704425,85.44155704813569,12.78662252038541,6.021422189671535,1.184298062418033
315,short_circuit,20.0,94.82460436462812,95.25454036988762,4.741230218231406,588.2189245604394,6.203230991530043,8.382153635133275,0.03710629870502853,0.018804874745289014,0.01337262214161062,0.015986185226153356,33.27019525753766,1623222.8140684182,50.312158508309814,8.31895607792817,15.587117751817246,3.2617988237489444
316,short_circuit,16.0,63.975250199993255,64.06814981763843,3.9984531374995784,322.0797877046328,5.034443580802632,2.933738902800178,0.014701810040478243,0.0049934756478642395,0.00990968124149937,0.007501301780974149,8.416940713379057,305207.2736971794,25.10291856722823,4.688781336235037,7.567951162740481,1.6144557326346378
317,short_circuit,10.0,54.69845202132931,54.45829999883487,5.469845202132931,302.1073314926232,5.523142252166392,3.335138570442683,0.012351470997361273,0.010800141312504544,0.006609031550667747,0.004810167366270227,6.479475722048541,634751.0883495974,29.993641855339767,3.7180065069842807,9.727781342156362,2.524809896768111
318,short_circuit,25.0,104.00810369232642,103.65974433688126,4.160324147693057,640.2692538046352,6.155955459898626,5.97660292882466,0.02448879522620335,0.02197887453126242,0.010410908524451827,0.00931977707415665,37.2291110447232,1958107.8228332854,50.93233724187643,8.078183819866602,14.701886927569017,3.1113920422294217
319,short_circuit,40.0,246.24379952670546,245.09403702797792,6.156094988167636,1676.2280367170265,6.807188810163036,12.20136924408675,0.05504796368920809,0.028246926459779997,0.026334804112866837,0.01233350052793272,383.8942385777963,8106269.807823369,128.6984350520236,18.889123833869185,14.556458953172452,3.09213135615601
320,short_circuit,10.0,62.84814578369759,62.48283836210396,6.284814578369759,346.77644673842036,5.517687791878409,3.3674309607515647,0.016061787326042024,0.010689730729790767,0.006371836499110711,0.006039384400779161,8.453491875376203,558859.5206778198,33.67451711894801,4.261355770958377,9.638465082567016,2.548938106569135
321,short_circuit,40.0,269.0817841133912,268.37562780074495,6.727044602834781,1825.1338327267667,6.782821954052719,10.692541703258286,0.045632320621514115,0.029955967675748187,0.022537433748867117,0.01685360293273565,334.0538227349542,8911547.097534731,146.90535900388147,20.09975973446521,15.21178829732553,3.356936020882124
322,short_circuit,40.0,216.96442007182853,216.26470137255697,5.424110501795713,1332.350714012965,6.140871916076075,1.7601997033099595,0.0032265131973406064,0.005587848073810548,0.0025222058286345373,0.00124379472807304,120.18568910777893,496447.25855311536,124.84959744120471,16.921968234181172,14.621130172950377,3.3102880277674354
323,short_circuit,25.0,135.669073974313,135.82751276464077,5.42676295897252,938.2348765784125,6.9156134783461285,15.9710274837986,0.07518933950417635,0.04280730937303551,0.029557813959445848,0.025309103675291156,117.6144937205072,4619165.085865741,88.36200118077966,12.873105130948755,14.630462589012641,2.684433626083958
324,short_circuit,16.0,107.24411755901887,107.02651408436498,6.70275734743868,797.14167798005,7.432964120702768,16.69604556025537,0.07283079565149403,0.03679720825891253,0.02791459353226539,0.026496573844346814,59.178523142043474,3704538.3014374035,62.466656301396846,8.925926477237928,21.985083928905134,4.193404958646237
325,short_circuit,6.0,29.420647230540226,29.4019578101009,4.903441205090037,200.30226424739888,6.808220861730943,2.4933053515222716,0.005154037848288349,0.002034036560672612,0.0032365457526405397,0.0018983550708836184,2.8482142548089655,72377.81449109431,17.419126960392695,2.6704186242522203,20.106038076471265,4.009867787144349
326,short_circuit,25.0,69.36610289640335,69.23380011146071,2.774644115856134,483.35020708485223,6.968103827308222,3.097169305202062,0.008759311471245099,0.006930779855042343,0.0074434340917815004,0.0035436902911630663,16.20125924456426,407399.0293819524,41.94464816029995,6.221199153941052,19.95631827681455,3.877464853450351
327,short_circuit,63.0,362.33457075438497,362.3079951625597,5.7513423929267455,2178.8373996498376,6.013330152592005,8.04610382196803,0.038144337961267684,0.020409044576988927,0.012516993112603876,0.014000138693107416,448.26000081658657,8416490.067287657,120.56080159307506,26.385109093083297,12.580229313164354,2.487402805212094
328,short_circuit,16.0,72.00180935304866,72.24558746519749,4.500113084565541,351.4978334782781,4.881791674843702,9.187557047756167,0.039624013379892416,0.024609791029705202,0.016606248896193245,0.013131556577640478,25.631264085179858,1758616.63373987,41.05437672016771,6.3180981956212525,7.973314948738809,1.0444564687785047
329,short_circuit,32.0,167.82661010536728,167.0756430678689,5.2445815657927275,957.4972296602328,5.70527658905449,7.23444460404105,0.03297794547478148,0.020103829030210334,0.013805935107725207,0.010619451550620454,127.75577867979523,3588772.038517273,86.84448533277603,15.910494131515225,11.120523522407916,1.876638112951314
330,short_circuit,16.0,153.3420187756154,153.39226495830718,9.583876173475963,826.109121844652,5.387363023100055,7.417566894588575,0.03659284390093194,0.018889967108653503,0.011506130479079626,0.006880145516147442,93.00978254493214,3571165.967545233,63.40165180726725,9.772863789088484,8.109786017293015,2.0940739559910253
331,short_circuit,20.0,142.3060718232428,141.70375485755355,7.1153035911621405,722.8333430985062,5.079427278347281,2.366019009233348,0.007632055245402385,0.005892527659500856,0.0053650533066469585,0.0025949651442379756,42.221614571057074,734312.1100543999,58.39790401237885,9.873348191370138,6.846757690286724,1.6675686951419493
332,short_circuit,10.0,34.90895835644602,34.634850776880484,3.490895835644602,190.87817580709654,5.467885172986909,2.0991729974109385,0.005606136978015796,0.006687611459190438,0.00336366153087528,0.005295844789443738,2.3937182814469944,194711.05418752745,17.336468722236585,2.4908876980778434,9.148578889198184,2.127800569838917
333,short_circuit,63.0,210.12369604159795,209.8113559616966,3.3352967625650467,1237.2062188667724,5.887989989553373,7.656861400070123,0.03362017840642662,0.01923700870784944,0.015362925000574765,0.009001238128797336,113.31902606562747,4063394.175771985,96.28214647543798,14.65477702803841,12.596272475157772,3.074622626926306
334,short_circuit,20.0,99.92608108020517,100.22537047295287,4.996304054010258,690.2379644460398,6.907485583119349,7.263716529288511,0.027556165585860985,0.012195022142738625,0.012896552064570889,0.010414705957264578,41.54542912651868,1118104.0507351863,51.52929853787971,10.077593105634774,19.97592089609237,3.5794647373574433
335,short_circuit,10.0,84.62057751886613,84.27334758838299,8.462057751886613,420.38522720151997,4.967884166269456,1.5018845680005684,0.004964815622721126,0.001876647221445827,0.0026509193524100368,0.001900719251980972,15.907630466709604,227038.89466852118,33.02639289353534,6.326327712319219,7.304028353993237,1.3047650021180979
336,short_circuit,32.0,159.89944767082886,158.65202075118728,4.996857739713402,925.5400694422817,5.788263079818904,2.034956836664115,0.006963921820654301,0.0013229573581538035,0.0065226798600467395,0.0046372292023337015,63.61945543102657,361150.2957403711,74.62303355429022,12.885319417190136,10.920230425042647,2.233504625115827
337,short_circuit,63.0,420.5535048624676,418.28949073779313,6.675452458134407,1950.2674438617273,4.637382452667659,4.782813191890141,0.025703527409254218,0.008876405204188751,0.0058986023114717245,0.0055314421770861245,497.6024995691423,4084008.7678276915,124.2759697989041,32.08152518463825,6.643561094715283,0.9851999882030212
338,short_circuit,32.0,241.730573227643,241.2115558952778,7.5540804133638435,1355.3794142578815,5.606983825649079,3.9541889218596884,0.01837261320723738,0.008798382409920438,0.004345218936149994,0.010972632776150983,104.58849348954342,2213221.770175723,134.40776490429312,16.40208154812655,10.918932472024212,2.658043161348234
339,short_circuit,6.0,48.07154292013351,47.769178746465826,8.011923820022252,261.65589411540236,5.443051714497218,8.69073059941431,0.040137244943792005,0.021548341408720226,0.01763062613540518,0.010207194919031208,7.492446639710201,888892.3959993612,29.088895438941158,3.7023758139205323,10.165394732194216,2.5489540936288457
340,short_circuit,25.0,189.78618933601035,189.9866671638951,7.591447573440414,1160.424571580985,6.11437837302469,3.381374249839218,0.01846778592371369,0.005166103438139849,0.005257835724319129,0.006770358622147454,90.34977324051566,1211116.877962713,114.23732725074458,14.333659417978444,14.2622600207543,3.337873780077761
341,short_circuit,63.0,612.1677285013062,610.4855936558215,9.716948071449306,3286.129664721744,5.368021723002937,6.722720366409929,0.030493582453800287,0.02205053142847842,0.015684714339554953,0.0066831220561800395,903.7516149518942,10035160.867867798,225.11326947927876,39.84133557453122,8.870778203520157,2.1590869619503534
342,short_circuit,6.0,21.30170482333683,21.26999819845272,3.550284137222805,126.551717862591,5.940919701319298,2.067029581123538,0.007753716510100326,0.004393411173555299,0.001731416872092256,0.0037865744815558256,1.232120136073286,49926.71149775294,10.469215853897792,1.78274901481061,12.852965305306649,2.623003152602866
343,short_circuit,32.0,227.2867005243364,226.73348214176167,7.102709391385512,1389.7494229204053,6.1145215259327745,1.647534804689199,0.00330400222388888,0.004697961587501237,0.0024832532288527037,0.0011532755407295022,122.22906019220392,1251816.8352724565,132.97035595090028,17.161364072476673,14.353680185646244,3.3373438783604135
344,short_circuit,32.0,220.53457585451903,220.66279998849382,6.89170549545372,1267.6400020949404,5.748032920359036,2.221828950859853,0.010228798105337703,0.008752224697484915,0.006540583931615326,0.00042115519585898115,102.46388021003835,1194136.586066165,125.26465978187376,16.071673577142363,11.804683881342696,2.9718284339226755
345,short_circuit,10.0,40.458998533008696,40.208970047500245,4.045899853300869,202.2061229017318,4.997803460996767,3.8416695450513885,0.01950097307852786,0.006994456496051346,0.010675469874956009,0.003090153755027993,5.197537633549874,423311.9444820844,14.098066998471223,3.2031491720277567,7.683544974743816,1.2562615538135304
346,short_circuit,63.0,195.57418494895757,196.09593465180183,3.1043521420469453,1246.0437677099078,6.371207774833568,14.523737144717892,0.06876264586682286,0.04609781634895956,0.029408426847832722,0.02352723300199352,214.1911495661809,6132285.919598091,133.9119295282144,17.962831766485085,15.043078360647414,3.24993834075518
347,short_circuit,25.0,178.78814672608488,178.94432333100826,7.151525869043395,854.0435330933016,4.776846500886746,2.5239679262795556,0.010920455264810365,0.007912754875564082,0.005583477334345981,0.0033210104401272763,64.79280087600621,1157866.453416806,62.864358539604915,12.842347551214752,6.325009050442917,1.170794480517804
348,short_circuit,32.0,100.85664655919177,100.40699545705753,3.151770204974743,528.3858718616592,5.238979183650685,10.142532115845999,0.040723188915446525,0.02530675519862794,0.013973596299441773,0.00887836323261285,36.01498712011676,2585889.7656577067,57.96499987724514,7.224981409803944,7.894657348778109,1.9002092613687647
349,short_circuit,25.0,153.42171276835163,153.30060753965535,6.136868510734065,827.6372630221581,5.394524986606013,1.3057527777199582,0.003114984312327478,0.0028389116896194544,0.002587739742303569,0.002441026516581415,56.83160628863447,371052.41632979613,67.94421991688455,11.744076979740141,9.56432757611502,1.8797786552472657
350,short_circuit,20.0,122.9481598112737,122.16423921546489,6.147407990563685,791.1328986352037,6.4346867805355,6.717847176407204,0.030382549727784355,0.01084005396657044,0.011736196545393032,0.009805778389024593,41.38609627429447,1960800.894587584,74.86746341825574,9.460353220259268,17.77527829745291,3.872233330156243
351,short_circuit,63.0,442.1169472306831,441.0370308494821,7.017729321121954,2687.3505294541246,6.078370318715399,4.690204006044078,0.017569892909304392,0.0098802585774664,0.005748390070790351,0.009145104674689772,690.0468454732387,7071036.63612354,241.20647716610344,37.00162964221899,13.859420342112646,2.5832208919839412
352,short_circuit,63.0,353.41105526382063,354.60120826211295,5.609699289901915,2410.2897395158443,6.820074538159957,10.4678869723988,0.04651510656841331,0.024103700178275785,0.01620694779113587,0.011308638954803493,571.6713658311669,6386076.977033254,204.65996858779747,33.359893973592264,19.338986005831117,3.8321667684726117
353,short_circuit,32.0,156.3832949526056,156.2656729330089,4.886977967268925,1048.0798908138977,6.701993912616003,15.70437847281135,0.06431545046376123,0.03568096791945083,0.020541053780551155,0.018321606094921918,143.33332072539,4689857.078159164,122.63593286154308,15.820859239552043,18.30347264888327,3.5746157759206523
354,short_circuit,20.0,55.77939913070878,55.579729564570265,2.788969956535439,332.08686784300914,5.953575567547277,8.49014624628155,0.032476966890603746,0.01989594839530478,0.01667143940343648,0.011217147473180315,16.04413927406602,1581106.1413208782,24.409989970102853,4.243609128088093,6.80530101559499,0.9527160602999526
355,short_circuit,25.0,171.22039601477667,170.4188161816859,6.848815840591067,1087.1768268424544,6.349575471968183,1.9776296179908308,0.006974966862294513,0.00464256351322921,0.004558650580723769,0.005892111436809598,78.82719676868115,400259.2567295051,101.28363921692228,14.187112334982604,17.795461910410094,3.8466055015332015
356,short_circuit,16.0,96.02258971369133,95.5867851813901,6.001411857105708,511.69900077653034,5.328943973464205,2.4576102530411252,0.004389235507674191,0.010017166875964328,0.008445585407046216,0.0017470779813456164,20.012894469718436,801452.1460951513,42.739838919583484,7.06788423775494,8.707517804784326,2.1619352348490106
357,short_circuit,63.0,435.22964766794,434.8637643897432,6.908407105840317,2834.151318002007,6.511852612021093,4.426056213494194,0.01460674878402543,0.005990535063802035,0.004671280211418646,0.008491515678780303,544.0124654151283,4120888.35891071,270.8604895582958,35.402764934881034,18.28961476607423,3.921413850987373
358,short_circuit,25.0,104.44214583018051,104.18429744884787,4.17768583320722,572.790690691679,5.484286885655657,4.802782528746808,0.021880010178442353,0.0080971434425632,0.010642179939857246,0.008109261176719139,26.81727799096207,1268325.7215421877,49.11416605414559,8.109578392610702,10.534403814999148,2.5671129379967756
359,short_circuit,32.0,96.35173643932086,96.12542647123097,3.010991763728777,520.6128857989984,5.403253797314384,3.766279074407036,0.012496579899449873,0.01077598479222298,0.0018847474801427283,0.00630609470632934,27.05476721241651,1075383.777068815,35.70149025901699,8.04142382568327,9.245553005402689,1.7487109964153997
360,short_circuit,25.0,133.77848770560448,133.830929013216,5.351139508224179,715.8548975408671,5.351046418695061,3.3159217602883952,0.015924659517314307,0.007382393535208933,0.006744362556001322,0.00557088234466785,36.37750150104989,1577601.9935833272,68.05337780967709,8.80923867216132,8.533345971915368,2.2328843540290806
361,short_circuit,40.0,345.57399468570804,344.73454581438483,8.639349867142702,1695.4765742612888,4.90626204613105,1.135975083635116,0.005419781211065026,0.0013924438987732402,0.0019506624353351132,0.0015094472831622173,252.6768151293947,2121798.9354521646,152.77796222552226,24.25713815655027,6.483388189981133,1.3505377472107145
362,short_circuit,10.0,77.19904186243295,76.97927852775118,7.719904186243295,435.1313332866645,5.636486189251193,1.3128048617806582,0.003206184674619967,0.004715525843348589,0.0027376009790700292,0.003017908768234076,13.275936168304867,189496.36098577717,37.388040101030136,5.759786924897121,10.750672256164732,2.443341796437116
363,short_circuit,63.0,562.3285096931639,563.2006168025538,8.925849360208952,3269.9575502976772,5.815030705229801,8.99481925146153,0.039689169840959757,0.025388695564609327,0.018857557377991423,0.01163328691350856,1168.1117008942697,13282525.12185247,259.27644350156913,37.71322134562592,12.299965168815426,2.999824604200514
364,short_circuit,40.0,308.0235399098814,305.69157647177735,7.7005884977470345,1657.8310758061402,5.3821570789225746,5.442460859825146,0.021769878380191714,0.009751136522775868,0.00906737669039742,0.008798382910188432,238.32404795723042,4743349.14669046,139.42343916606674,21.246475196824104,9.058335758610196,2.081160653615674
365,short_circuit,25.0,128.9234736187874,128.74676315640522,5.156938944751496,773.8444359692327,6.002354840759284,1.6651270259338165,0.008961474568712692,0.0016361706403303948,0.001976783825058348,0.004221360252985121,50.49169616891732,486581.31296832545,61.627017923447404,11.485891237009527,13.263842103902455,2.2842189233561054
366,short_circuit,20.0,87.51279336514182,87.47291815046104,4.375639668257091,564.2877456352477,6.448060037054733,13.137175461181029,0.053037812761969366,0.02841050456421626,0.023334905642281644,0.017592667969298093,28.035629140086556,2534494.3420531023,40.676174662800705,6.531675864973479,16.179211493903125,3.4632759084930798
367,short_circuit,40.0,335.8286369494083,334.25608430668746,8.395715923735207,1746.3160630966718,5.200021293462683,2.2827031110669154,0.006644713662388577,0.0054168499709928795,0.0062073450118326715,0.004334622298314471,237.76167869959994,932267.7137963902,146.97907899937704,24.540351416445976,8.208126837413703,1.8512973524074228
368,short_circuit,32.0,199.68776885673535,199.93932423370902,6.24024277677298,1136.2416695236782,5.690091466409128,5.1154363955698035,0.019908832026413,0.013254347102267432,0.013574614657585856,0.010995601542406653,110.89579213678425,2227594.8973652394,93.70056951421611,15.383902080059023,10.901610868160104,2.558952430572587
369,short_circuit,20.0,112.9364625851233,112.96466565707489,5.646823129256164,733.130513162189,6.491530692340545,8.521146864806209,0.04066534094967376,0.017899796025466087,0.013540363855723023,0.01040541804038064,54.99739001240346,2521444.4488935806,42.031596214043965,8.906908547837102,17.639099566075924,3.487731258536963
370,short_circuit,32.0,148.50056685138895,148.13002077673536,4.640642714105905,786.0574164594185,5.293295730249754,2.5759429671358025,0.0079863279092925,0.007723848052074604,0.007233230368962071,0.0032482897708071747,45.22755982244101,1139650.0950839196,68.8074758811223,10.401993624561017,8.10550904151775,1.8233037520074797
371,short_circuit,16.0,48.97136629311015,48.80915863392996,3.0607103933193844,310.89227936699524,6.348450184131103,9.503517162824945,0.042473285350799715,0.026421187273196114,0.016319468703536125,0.016672914615329677,13.873841530534623,1479830.1745040312,19.700568881878038,3.5509045826180614,8.966660518158339,1.5645681270168994
372,short_circuit,16.0,64.261379721659,64.2186280692999,4.016336232603687,420.25471985010074,6.539771191714952,2.2992192418730464,0.007819175112344555,0.0022295544986771177,0.007572367136294283,0.007091967927329879,10.26975190164575,195414.56152952785,36.24141927983422,5.424868530354725,16.724727855263218,3.5906577773016704
373,short_circuit,20.0,129.85888756029817,129.7039713276756,6.492944378014909,677.8339168535915,5.219773013484572,10.290079947216254,0.04752899158643765,0.026959337054670227,0.021378870743713033,0.016175290122438492,63.359508568601484,3232202.999988167,76.75518034889912,9.939170558370137,8.834401746438449,1.990939004110479
374,short_circuit,32.0,202.33444377138608,200.78343581486266,6.322951367855815,1173.968484384969,5.802118821181095,10.57303373143258,0.046552192525074865,0.027366219643448545,0.020118985163841318,0.015320371938293375,148.08331499922838,5714395.306139079,97.80781243263488,13.927264772021061,7.257816839537208,1.6194958572578717
375,short_circuit,10.0,55.02226244846298,54.95836678801858,5.502226244846298,354.3144253652778,6.43947394367343,13.224024832566526,0.05839117119599116,0.03329995441165793,0.022754860948308184,0.01671366011931377,12.674020727807628,1727101.0335713886,29.10480993647606,3.907379808209396,13.268403215188151,3.005916808423812
376,short_circuit,20.0,100.84869427754624,100.51724767727,5.042434713877312,454.72409302197485,4.50897352985074,2.173670490064532,0.008448631296789785,0.008246529064196309,0.006729800973862666,0.004148623464271057,21.74193475819107,694084.1319588727,33.25078496199151,7.011757750407196,5.5104121440903935,0.9567287900800424
377,short_circuit,40.0,264.53815700920563,263.06543408495213,6.613453925230141,1671.4326347424574,6.318304526019568,10.223059660898867,0.04796603370965178,0.0260482161691469,0.019668166424898856,0.01157952859896205,314.27661402028764,7547468.398463905,107.75004621620022,19.1960610839699,12.94037645596328,2.5456481479859345
378,short_circuit,20.0,62.46729233050011,62.19405130742489,3.1233646165250053,309.3865605990993,4.952776870129943,1.678200134452933,0.0029963015642779853,0.004685213442203172,0.008772528150207176,0.006755587291208962,7.573225809157693,265034.13763724064,24.966706314820495,4.554933651205326,7.1901566709978955,1.2962191788620896
379,short_circuit,16.0,103.40146746756814,102.59814519597391,6.462591716723009,557.0463282672519,5.3872187881335645,8.307597517885412,0.03439189843531698,0.021348328271130076,0.01583399592389287,0.010764476566243249,30.087937718674095,2455979.195437519,44.34940099255631,6.50577682264195,8.547830555770028,2.2267769647639177
380,short_circuit,25.0,89.48180924179621,89.61508526881076,3.5792723696718487,464.1973254188325,5.187616671443229,6.258973240732906,0.028436103118523258,0.009589700073281113,0.013913719074497299,0.006841713293077347,27.51962150732891,1451033.8361351378,46.27030356504674,6.718388408441095,7.82563920632254,1.7285380488798598
381,short_circuit,6.0,57.46374209126251,57.416923930881886,9.577290348543752,329.81235865165894,5.739486268090921,9.946061558936242,0.04188321165116036,0.027371568165961584,0.01817460506456784,0.013713349150410956,14.601248765673756,1655183.2262785917,29.213320430202824,3.7097579518507757,7.731150319823257,2.101878370056734
382,short_circuit,10.0,69.55583871191082,69.71593080543943,6.955583871191083,402.218158993295,5.7826656458480175,4.378289661808236,0.01785055385426628,0.007045704680089978,0.007014945000961282,0.010874113246728405,13.176433203417274,755922.8738057313,32.52330577256242,5.7487537348866615,11.533963860106295,2.594547549979294
383,short_circuit,32.0,194.2322172574262,194.1064144856542,6.069756789294569,1044.691747651821,5.378570879731334,9.48127301555888,0.04409730193082376,0.02827576538472193,0.017922407643811703,0.0117646963770392,191.86459399066464,5222397.574496222,101.25049904952836,15.8263554614514,7.446733385401869,1.0725811002812238
384,short_circuit,40.0,225.11838080039956,224.0334034956053,5.6279595200099894,1357.5478988824832,6.030373415310401,7.892037165588251,0.033604599941496345,0.01982950828422576,0.018063841933095365,0.012055257816993877,212.95322295879782,6539142.5302810725,110.8493777686654,16.973641284433562,7.928697748087609,1.5649452221479765
385,short_circuit,63.0,356.746792300732,355.1975617731894,5.662647496837016,1873.270689834838,5.250981172804629,7.722029375632208,0.033013278758483956,0.023050548649318492,0.01127906951968069,0.010451349727341441,531.1508592387956,8212226.305750786,222.60733308881188,26.108609558473514,8.72659019016532,2.1968893368707354
386,short_circuit,16.0,39.11833045279183,39.0209490590212,2.4448956532994894,197.29768899145145,5.043612206929628,3.936325281242702,0.018768980109263984,0.009728066159114266,0.0062031152803960965,0.004846183985505045,4.793784084501761,653335.3707226657,17.85900621336474,3.055929755896035,7.226537162336525,1.3799991535193445
387,short_circuit,32.0,219.52685162326043,218.6188854337569,6.860214113226888,1252.067263264345,5.70348116415102,2.304443147851959,0.005792532944595119,0.002874726427208731,0.002388823032010068,0.0005204522728273102,127.40244695131145,474698.32539077743,96.59114573312611,17.952546820281817,10.75124454487594,2.117846600172305
388,short_circuit,40.0,112.99425700955751,112.93320089843255,2.824856425238938,675.3277479108576,5.976655502480617,11.35651777111926,0.04678273831971976,0.03159551377429936,0.01929468179681282,0.01958745392279288,63.30124031122561,3329072.633876002,69.89235945607251,8.649113128404213,10.807119983983883,2.691186691063993
389,short_circuit,25.0,93.43967506959795,93.24713680182923,3.737587002783918,642.6899301986305,6.8781267669547095,13.796918075400063,0.06277324767583267,0.0347646660739048,0.028186035539209002,0.01786563229526669,40.284422354582766,3087745.578828507,48.17303683889597,7.155354497288336,13.743786240169538,2.885283538202631
390,short_circuit,63.0,513.9294815450861,514.2159475996551,8.15761081817597,2720.7328825272243,5.29398094528898,1.1556333339119087,0.00213156477788684,0.0018233683567681633,0.004067407389254594,0.00231017925048251,485.35243931053583,1018661.7577253003,257.13836505604957,34.82194998066317,8.331570670707071,2.1706837201231375
391,short_circuit,6.0,41.0680251367429,40.91188956632982,6.844670856123816,216.4616799086667,5.270808108806069,4.173857195332739,0.01900339735708662,0.008800666309151932,0.0055407392274911885,0.004753963102639641,4.144569362113161,533011.8363725618,21.869122094678644,2.662952441113077,8.574563490643325,2.396023627002543
392,short_circuit,6.0,40.20302709260563,39.95283472701461,6.700504515434272,207.70743824350404,5.1664626586424465,3.1807545604072023,0.015141037628747295,0.008238327867368654,0.008322511225678857,0.002922094879950905,3.535740046145123,560109.7797933847,17.816122542121228,2.6237424635848625,7.126862117516135,1.5908203990991665
393,short_circuit,16.0,80.07492555694695,79.93317923478018,5.0046828473091844,422.2952439764708,5.273751315208816,1.21585031831431,0.0024197283203737795,0.0005266701968652532,0.0017256902021718394,0.0018553854809111306,13.66189035175564,212953.64775706545,33.868332095021884,6.143887138447391,8.56813859684513,1.6704218447749437
394,short_circuit,32.0,122.9011902642846,123.08572290818104,3.8406621957588936,778.5600457187255,6.334845448105007,2.2779275773863943,0.009144720997652503,0.003835133107388041,0.005564816911688659,0.0019853945681652407,39.29604208084942,385652.67498478375,68.67093260670106,9.990416966396543,16.50830123916763,3.5607027094546626
395,short_circuit,16.0,124.22274951086075,124.04271049733026,7.763921844428797,579.2610425595093,4.663083411337644,3.0770225629262735,0.008064320536754925,0.008327796528541596,0.0005213073470752734,0.001807853226034509,38.62585665017636,1460904.9590083421,37.71150321812866,9.517490736719624,6.396750678660604,0.9202668344295017
396,short_circuit,63.0,176.00858435498216,175.30342112603415,2.793787053253685,990.5567022261719,5.6278885819724795,2.737328275562891,0.014574266618260496,0.010236932313785085,0.00358031251819158,0.00359820031498889,69.23755410753967,855244.7806050399,90.40004240779501,13.061571804733079,10.589198316423042,2.679435841027636
397,short_circuit,16.0,95.72765023616304,95.15201415292492,5.98297813976019,580.9868473294123,6.069164404328642,9.99485426398546,0.03940983601402611,0.02608206618790503,0.014871923116652227,0.013901052880411996,54.877993612570876,2888308.2235552063,57.44941739461503,7.600873110282486,10.308745996208456,2.2994421830916587
398,short_circuit,63.0,529.1088875815474,529.311388433231,8.398553771135672,2585.15944897855,4.885874173820665,1.7291951657664233,0.002994203698115007,0.0026846655955493092,0.0017797977097767901,0.0034088039887656993,527.6980495848225,1373960.0843126106,203.32809011416333,38.501031113537245,6.830736089234545,1.3144617952575133
399,short_circuit,10.0,75.16764062878397,75.38658237622691,7.516764062878397,423.94984662160226,5.640057916805478,9.203510162440653,0.03950238699223904,0.024620248031577963,0.013455791752167013,0.009712108865064639,28.162828158781025,2120836.343553459,42.68777056510853,5.165946567488981,8.056546490001654,2.099309159808987
400,short_circuit,40.0,283.4235205378629,283.86976471124626,7.085588013446572,1474.5870087006524,5.2027686548282,3.0466728575756306,0.013392400379403842,0.006818909638747878,0.0020388796446198783,0.004032923200162955,187.89941674693998,1903948.81125381,130.1549759724199,19.74575855246217,8.470946334345816,2.099403451166427
401,short_circuit,20.0,47.83078095680767,47.88242255529203,2.3915390478403835,276.5208837326352,5.781232883831834,1.6681578481310588,0.004110685471572497,0.002221756192820761,0.0028805618359924253,0.003380307086638209,7.372834192865433,155257.8241816344,21.15320169580776,4.2061798680162195,11.487414245743448,2.0324506593429916
402,short_circuit,63.0,237.23229153719564,236.40021951097805,3.7655919291618356,1290.15553833193,5.438363934212592,1.4923731260518103,0.008111388914743146,0.002576175741178025,0.0039048607665027255,0.004726555587026301,120.7899135731829,623980.4432725452,117.22514565857708,17.813646072861737,9.692290767982431,2.489538360499439
403,short_circuit,32.0,233.14130457924816,232.84823673757987,7.285665768101505,1526.606672637691,6.547988891913517,10.871777352828113,0.05031714653786691,0.029474031222098677,0.019320122174227777,0.014848756137437353,343.22867525208653,7645939.805297516,113.7138960707897,17.080709678049764,10.748784144200137,2.308528605992869
404,short_circuit,40.0,271.58388007904784,270.5929139667121,6.789597001976196,1931.2980863366147,7.111239760501895,11.838324021841334,0.045922254337071276,0.03428043667831001,0.022720772204245725,0.021204963337579423,366.2792432038333,9109444.620894047,140.5139646199219,21.813304968089355,21.221236177115376,4.093824810100097
405,short_circuit,20.0,91.46669102776045,91.73729583859317,4.573334551388022,710.7582156016533,7.770678130010904,14.041758377072755,0.0572141629585529,0.0390311229898776,0.024710068065052222,0.01231726742268045,47.5890884676416,3419900.651684521,51.25573245093609,7.855339060829959,22.53401739079927,4.186065957800228
406,short_circuit,25.0,142.29797995833746,141.3402509100155,5.6919191983334985,783.1881124103601,5.503859665711073,1.1080124211149824,0.006090252092502075,0.004253224322936797,0.0022568277818202443,0.004466865291190444,44.972286610930894,306528.2458011775,69.77307713397059,10.428760874417845,10.25403762707586,2.361147171106163
407,short_circuit,25.0,115.53072346989917,115.17444037512728,4.621228938795967,744.0859346200156,6.440589241245789,11.514472795245009,0.05231892541230539,0.03252303528680435,0.020358793594647935,0.017637418995559324,55.10414232701561,3477944.3326651948,49.26054808526705,8.305467663618098,13.868141923113619,2.707275261778354
408,short_circuit,20.0,76.94929897277711,76.75855661261079,3.847464948638856,577.1266974731718,7.500090386396447,13.669156180295804,0.05935910975953854,0.036550318572080846,0.024255369004526926,0.01649826484395125,40.78747443839994,2764119.2446726873,39.411657799683134,6.741605760672283,14.452380183567254,2.616253176313367
409,short_circuit,63.0,193.63352684716875,192.74078066153962,3.0735480451931547,881.792495927026,4.553924675546782,5.5627961714629155,0.025106996866760767,0.015238217783135824,0.009965741798475999,0.008702394385470723,157.31737783385125,4492575.479771907,103.69013520752311,15.532669875417664,6.187268902578305,0.7491256078242734
410,short_circuit,40.0,310.4931558832787,311.19137070597105,7.762328897081967,1764.0587040643443,5.6814737157098945,6.176505925918731,0.026110269140902084,0.014689952068440244,0.01105481653676486,0.007269077478386438,368.8659684018643,5013693.190143861,159.86021117636602,25.61236664057936,11.453739198228984,2.5644797963996213
411,short_circuit,16.0,85.38397693950242,85.4321373123869,5.336498558718901,544.9079957517074,6.381853074510833,2.3759742264756674,0.013168296719415861,0.0066274347146593575,0.005071999813067558,0.004732132503502266,20.815139121416863,541762.0011175307,50.56662616127844,6.987902022124582,16.5912973470979,3.5726042873102934
412,short_circuit,16.0,74.30893324698623,73.98599977412641,4.644308327936639,373.03112903419776,5.02000382362247,4.274584446811988,0.017563751254559952,0.008752636664618979,0.006557520255157052,0.0034782344815347107,13.322131581679978,1135971.6074624339,37.95771273767217,5.17330679190946,7.137300299077534,1.9454753680301082
413,short_circuit,32.0,118.84288321846644,118.53897324269683,3.7138401005770763,615.8435009367018,5.181997308155402,2.124805020923701,0.00856156147244206,0.007434258496028764,0.002144300901326981,0.005999757850794287,29.106136864963084,764067.812428198,53.79248296257503,8.148084372119044,7.913044968523721,1.7667960663550326
414,short_circuit,16.0,116.23504760790405,115.97234294959117,7.264690475494003,630.880036037827,5.427623156834318,0.8764627189721118,0.0034164351477105107,0.004772403454984387,0.0022826019891137774,0.0029732198689274444,30.39968862242693,338878.6066077598,53.18622692267081,8.916085561488284,9.333104608400735,1.8702485682727745
415,short_circuit,10.0,37.1803835823417,37.178423300144686,3.71803835823417,254.56118310741232,6.846652954421534,2.640815563647706,0.005771514669164296,0.0035591831239009547,0.004083199408329727,0.0007703653570251699,4.720876795898581,104340.38410753274,22.42302437443247,3.3603249020762878,20.531284225996664,4.041926777867868
416,short_circuit,40.0,272.5706156063454,270.67730639422234,6.814265390158636,1663.9255502073472,6.104566871596803,8.650298605581874,0.04196463237611237,0.026173529537788152,0.018076135764512443,0.013171277088332213,364.39151228415966,7259972.637848368,108.16651165792764,19.60754656176316,12.431324691634066,2.5084213399026303
417,short_circuit,25.0,137.63770322351638,137.45868216197547,5.505508128940655,914.6970135743501,6.645686408195033,7.660702944948911,0.03136199508158763,0.014386338517853927,0.009792793303979405,0.009691998812843354,87.2372177484848,3165534.276380637,48.80972317261478,11.885195715370516,18.673303577703866,3.562386941575334
418,short_circuit,40.0,254.80445857362727,253.223043092246,6.370111464340682,1824.469710435185,7.160273884692773,11.78618980094292,0.05130778583947862,0.027468937956601946,0.02102828416711523,0.017285917481045916,465.28500310699,8736793.909756813,98.7898122546827,20.637378800491238,15.571110343452343,2.5510896038587747
419,short_circuit,16.0,77.63134150552237,77.31467434410096,4.851958844095148,350.40926158183026,4.513760225982825,8.146758009155434,0.032321230519456866,0.017602422558358487,0.011925188683749678,0.0102896215188964,22.057166661298503,1439695.920079166,35.27349887688586,6.1673179000144795,6.438578948452292,0.7655350145359747
420,short_circuit,32.0,249.65765200523558,248.5571744722715,7.801801625163612,1485.3537671636586,5.949562351594013,6.554036889526371,0.027867829341134895,0.018640097522362127,0.009671418331810391,0.010117092948893836,176.14183156078514,4145493.85444863,125.24188910646023,19.059506979450262,12.920608966414134,2.9156485953730984
421,short_circuit,6.0,33.12653089152483,33.10688356256436,5.521088481920805,198.82259406989397,6.0019141368877635,10.701283050442607,0.042801521511776755,0.02818440644956129,0.014021491483323562,0.012892232980576084,5.946701174166924,952038.6694514202,22.86009933755387,3.278078741297803,13.383351905272647,2.5019566903830848
422,short_circuit,6.0,32.16173048243591,32.163463843018484,5.360288413739318,198.8635486864257,6.18323534515176,8.287072706130758,0.035896598777252486,0.01663665799277121,0.017130115962287064,0.011516061235674759,4.31853115905383,709897.73712992,9.99454728333693,2.5193834643660677,13.915559948339983,2.647759184466799
423,short_circuit,63.0,251.0441069878606,248.63520157174236,3.9848270950454063,1617.8401724913679,6.444445925843442,7.695068616563534,0.031559313381104355,0.020836565718952964,0.018009152991038554,0.012236497251882032,265.4389882288637,5408123.556975269,94.4337739197232,20.46163781431174,16.9447895676368,3.3485032511264157
424,short_circuit,63.0,152.07596654454815,152.03033146047707,2.413904230865844,959.6162608021558,6.310111206919352,3.0093384119081303,0.012559960079178043,0.005853403344025024,0.010746367858463121,0.004787653511301292,58.15868947707622,1282227.4391681799,84.24219556329547,12.542057234888645,15.285672454589289,3.29033180140738
425,short_circuit,16.0,48.77978335123756,48.37278057739605,3.0487364594523476,262.58810012497014,5.383133791899571,6.143712578419614,0.028113932859527527,0.016475810440813973,0.009088858161810183,0.010520574077620632,6.40275210135575,974674.4627432573,16.192563271538567,3.2751426421852496,8.385820704966783,1.768004251251308
426,short_circuit,16.0,40.374497365808004,40.15891236031737,2.5234060853630003,312.2759787565799,7.734485854263611,15.430289532420673,0.057880118168274416,0.04100788591210435,0.03077059888656567,0.019656082838040125,15.261445724375337,1533646.1743884252,27.014456415154264,3.640622846584916,19.379269828036747,3.7724132939857915
427,short_circuit,10.0,74.42193287397718,74.29885750773829,7.442193287397719,469.1930313670883,6.304499402821135,4.9062440091749355,0.01759590712297309,0.013384219465446216,0.006310846844834958,0.0086414287795134,17.176493395488144,623427.8414623779,41.2050986094045,6.298340699820816,16.34074642591658,3.5651477690779294
428,short_circuit,32.0,178.46885425783555,177.9460575370554,5.577151695557361,950.5938348257027,5.32638503661286,1.7771667337042132,0.006417128365425507,0.006322351359674592,0.002748785900670634,0.0032962869171058056,62.231343285652144,507825.37818471086,86.80658892091733,12.276144925710101,8.748361592637396,2.1453761136072385
429,short_circuit,16.0,114.94359142943813,114.40404150349721,7.183974464339883,743.627733800418,6.46950147064483,10.628945679215983,0.047600519701586,0.0266978959917719,0.016819733561839655,0.013067553568259296,81.93637824645273,3653579.7854466103,52.156206566876214,8.23409800669069,9.785768819589977,1.9852778634339219
430,short_circuit,25.0,96.89508743538347,96.56511324616844,3.875803497415339,528.8179598316526,5.457634373660567,2.1863277340651366,0.007361859577031151,0.009660542231530156,0.004738046904788423,0.002378333731211382,20.09169293487146,491598.2664555804,46.513930250449405,7.200741160198765,9.811462975637088,2.4364852978079714
431,short_circuit,10.0,41.309833813320395,41.306448633684624,4.130983381332039,214.29686426091865,5.187550868012228,9.128986119411364,0.03510906826865153,0.025053897997832364,0.01565892871740124,0.01089878760750636,9.075953560027425,1049946.619030314,24.69137841964352,3.5862810830020244,8.93109657172133,1.4774510351091197
432,short_circuit,40.0,257.5083641527691,257.5830591979515,6.437709103819228,1517.4622574783123,5.892865897638073,2.2565561651648967,0.005925102948797681,0.003144775662549153,0.003577866201648274,0.003268496755446016,175.20947192573902,531718.2251423321,132.77426074801338,20.487590526843082,12.551178960614294,2.7429963811889513
433,short_circuit,6.0,25.71235909943608,25.54422075490931,4.285393183239346,122.73095406889712,4.7732280647408825,3.2201853246569514,0.008324162523764663,0.006722215917808528,0.0031354351272198625,0.005312602294496889,1.5753587767902162,242066.1607504541,8.371891644595125,1.9696628689302056,6.361505390415994,1.089499657834054
434,short_circuit,16.0,128.39095030272168,128.25636441681695,8.024434393920105,622.0749929715746,4.845162307000562,2.8552710004196884,0.007379600804427147,0.00587243051454412,0.002398399577690763,0.006706458033199022,41.41105897955903,630636.53529729,41.460209037061226,10.01702652844814,7.458040988576048,1.0342838822261893
435,short_circuit,25.0,208.10938784621766,206.73283514900425,8.324375513848706,1227.8362835469916,5.89995625016398,7.698482369531249,0.03365684087312902,0.021436159309624326,0.015457609349003294,0.009081800764140717,158.16769692421929,4842295.888917208,88.71584366207917,14.791658658128208,11.978688758333785,2.7856599942334355
436,short_circuit,25.0,141.21836424345406,141.06750096166405,5.648734569738163,910.2128270335642,6.4454281984031,7.2318482317433945,0.030790798721013535,0.016388443927995554,0.013689255543068426,0.01953940467076763,73.9364070489409,1564039.7588966263,65.04135138743223,13.5354473134691,16.385976315640857,3.095049061365297
437,short_circuit,63.0,175.60502580733467,176.16863046153344,2.7873813620211854,986.9848511119628,5.6204817975381545,10.049816225918228,0.040977307364233086,0.024424407329428643,0.017712026960479126,0.01029901543477945,132.42425449653248,4096207.913917469,115.2000241625989,14.511024241302579,10.875205546228043,2.2444542026643766
438,short_circuit,10.0,39.26015998145105,39.332130027344604,3.926015998145105,224.07841786205222,5.707526865968283,3.760161008082141,0.0137598117936653,0.008805270111583417,0.005811281625042298,0.0040475310945940245,3.7077870695686803,211249.6338652994,19.72763295104515,3.0601408074967633,11.445642138181489,2.733929747110051
439,short_circuit,20.0,105.66889603890233,105.35800516442742,5.283444801945117,764.494412117953,7.234810249453795,12.201160923237097,0.056761932244171934,0.028515572097912435,0.024092430160877656,0.015455858501681399,62.54723346779427,3693009.736937063,62.661784939337814,8.809337495316669,16.48194721457386,3.3828382161254464
440,short_circuit,25.0,155.70329234321744,155.59498671889068,6.228131693728698,915.2897728056573,5.8784227297018345,9.023007911585957,0.03896520329107628,0.023538741333554946,0.020485640703580707,0.012469086905824994,120.07853240178586,4448224.148467089,72.76193547116755,10.209333995905968,8.127182167658216,2.0161805595885833
441,short_circuit,20.0,139.94332383611828,139.37619779938848,6.997166191805914,685.3548591636163,4.897374453970445,1.6144858642855904,0.009268126142865929,0.004010529746375255,0.004719959248736456,0.0018356581165876727,40.7002393365796,360225.4823252443,53.498605467812105,9.956272119756303,6.925545559982268,1.1938221856101598
442,short_circuit,16.0,66.19452189662323,66.50722604786495,4.137157618538952,468.5715053195589,7.078705184157895,3.8595025417613584,0.008498339327554887,0.006512452961170093,0.0034805456065511702,0.005055987085235422,15.57349119072117,515198.3772035652,43.114335656851935,5.803109203145178,22.285657139321373,4.3443464958143325
443,short_circuit,6.0,49.55779523178828,49.40882611031204,8.259632538631381,245.27075213130385,4.9491861165169135,1.089387530613085,0.0011994301231777538,0.003777602159028248,0.004856115472290096,0.0010342845185062496,4.841924635999947,135180.85895944695,20.658905302006087,3.4645865150327144,6.694611698669611,1.5300478498130523
444,short_circuit,20.0,96.2390762951513,95.68761121918183,4.811953814757565,496.9694281523636,5.16390480123756,8.919856544264958,0.04142008398919676,0.020006710680502773,0.015924176902324057,0.011899485705182369,42.68935271469259,2302120.7957140463,58.158245455130526,7.427278098974197,8.149572475650327,1.9165941989994428
445,short_circuit,63.0,288.38123220364906,288.4871705048763,4.577479876248398,1580.8461713949694,5.481792831348767,6.730827504290114,0.030282521268206575,0.016134025957492068,0.01089125191483833,0.008698757468530728,288.23182173384964,7627490.061411642,140.7124339566229,20.28665838785317,6.132682144171733,1.3652463427976365
446,short_circuit,20.0,135.983024194035,136.186675571824,6.79915120970175,924.6595921238666,6.799816356471558,3.2631325542367806,0.015960407474647442,0.009443526469651334,0.004285171910671116,0.006199680138738631,71.52718628563588,1002740.9686860783,74.98938727414115,12.458681144121137,18.044901058411444,3.3491711858207096
447,short_circuit,40.0,332.6971457864256,334.0631603506507,8.317428644660641,1739.72692462996,5.2291609551154545,7.393509986023955,0.03443894736766564,0.01762151779442323,0.012439777583994832,0.011244505776028976,520.257778074373,8736758.380036542,169.56731319895596,23.301827312563034,6.038417625922241,1.190985067022108
448,short_circuit,32.0,278.5539424161061,278.4714766985169,8.704810700503316,1513.3584447343603,5.43290980412067,7.495258233113917,0.03477301522679109,0.01960173483896748,0.011390194186573555,0.00953567099336219,188.8443791588839,5937563.384528437,109.76313442521132,17.916346395734532,8.865823688623925,2.1308361750254083
449,short_circuit,20.0,105.16887957054384,104.99571245903147,5.2584439785271915,668.0433969185807,6.3521014927626664,10.088780058080271,0.04035968457087225,0.026394257664255568,0.02172741675598757,0.01543201834169509,53.58491248986063,3197413.515195384,59.81340703397383,8.986592749283492,10.586204626571735,2.1031564791787187
450,arc_fault_series,63.0,47.00827348758361,46.87203806047783,0.7461630712314858,70.70587816202689,1.5041156144396257,4.556059227895776,0.0402474699612342,0.01157370426426301,0.013313594095209847,0.011967593893425046,1.94057726745836,153799.02954263688,5.75061080877093,0.4951852502459394,-1.4227149221133017,0.0002171692852021046
451,arc_fault_series,16.0,11.176893428184076,11.176571510201073,0.6985558392615048,16.644447314403337,1.4891836823766151,4.484036809612633,0.04003624347486066,0.010695149355119102,0.012496066916804697,0.011709330738713407,0.3079821299427165,39614.16353789495,1.7977817021497897,0.11131425015483011,-1.432424860049735,0.0006219822295155564
452,arc_fault_series,10.0,5.849028039417903,5.823007851652225,0.5849028039417903,8.9556617828715,1.5311367497276749,4.409198161340316,0.042222766337405536,0.00719246081502901,0.00762124017909267,0.0069733279315039145,0.029405818466537247,13316.215400495643,0.7543810310246095,0.06343870987464431,-1.4125478718472717,-0.00036051893277260324
453,arc_fault_series,10.0,7.290046154994024,7.2898036752461906,0.7290046154994024,11.190305162854385,1.5350115655514043,6.318008529457463,0.06192766846491704,0.006879954384093636,0.008030396467103768,0.006427451988520192,0.05821653101038944,22488.478571073127,0.968924249905337,0.07250244585876366,-1.3716752550979128,-0.002336323810705858
454,arc_fault_series,25.0,12.095772172008267,12.076984644731759,0.4838308868803307,18.191135224172545,1.5039250875414212,3.8621101352260667,0.033656380209850095,0.011466702092639405,0.01089433595962854,0.010166116156495998,0.2354405987920027,42539.65310268891,1.8704447266649527,0.11953977936016791,-1.4819109769853336,0.00015546081620623544
455,arc_fault_series,32.0,13.559793991042437,13.496586691350545,0.42374356222007614,19.0192875969605,1.4026236392766709,5.537218232573806,0.04829340120568692,0.014547248115953324,0.016973358829907012,0.015233529109337856,0.08373347319585991,30834.490560223985,1.703966341905554,0.1492651488896409,-1.5728604504279986,-0.0008148244639920232
456,arc_fault_series,16.0,11.208965793429744,11.196124575987776,0.700560362089359,17.49701094082232,1.5609835253059117,6.40422456899891,0.061120669238908513,0.010765606464308498,0.011291321556683543,0.010856030809353975,0.2287329772715792,38402.52938688746,1.5790659886965341,0.11450259090035848,-1.3796213218915583,-0.001286765988129972
457,arc_fault_series,6.0,2.4714516434836695,2.4714682386156146,0.41190860724727824,3.4602971990738864,1.4001071826743365,4.720854008524896,0.04218960493591244,0.012105668260330516,0.013034228217876802,0.01147243615688768,0.00972838259087228,7450.993165455191,0.43072290408255887,0.025199930781141813,-1.5608236959171822,-0.000484133052411414
458,arc_fault_series,6.0,2.4485650078961463,2.440637610868179,0.40809416798269105,3.7396303265164064,1.5272742659188345,6.1530627956074095,0.057209865006405076,0.012574066514576621,0.013815607879812685,0.012738070280471058,0.0033407690859422606,4596.657496816191,0.2638144354626102,0.025693758472076392,-1.3910686666368617,0.0011590962597985775
459,arc_fault_series,6.0,3.133150076647174,3.1203464301733845,0.5221916794411957,4.355759710953471,1.3902173860195075,4.067568680508764,0.03554934183017809,0.010850735957337805,0.012117416917481078,0.01120060868239669,0.018908547147567085,10497.86487140763,0.5265407774834259,0.03410903220339453,-1.5694150164369327,0.0006011174060603813
460,arc_fault_series,10.0,6.537878507692037,6.50583032468607,0.6537878507692036,10.141897537816453,1.5512520650747659,6.298344011394474,0.06176564724416879,0.00769155123660587,0.006778236392512938,0.006735980762602314,0.029752547079017984,12970.667623093024,0.8166961375598321,0.07367266211819642,-1.3766047741556433,0.00032166380769690006
461,arc_fault_series,40.0,19.678736067628456,19.58494222980925,0.49196840169071143,28.106491367151676,1.4282671035950638,4.002755887744735,0.029009994366608602,0.015514917870203582,0.016543189457788803,0.01566849544585625,0.17171666004921873,34995.90182296323,2.2951262400033965,0.21914362901341852,-1.544236179696798,5.20002587842937e-05
462,arc_fault_series,20.0,7.831730502147753,7.81593620838762,0.3915865251073877,11.714622770331255,1.4957898213712637,4.507975662425873,0.037381091019210416,0.01425397430974071,0.015617812271147734,0.01365967928396563,0.07166670552658698,20441.389891630573,0.9276388803436177,0.07857957238815386,-1.4418551490287763,0.0009750886803431799
463,arc_fault_series,63.0,38.91785702615057,38.919446844919726,0.6177437623198503,56.44585297169955,1.4503844066316598,4.337307859780114,0.03682994610582073,0.012821463474839697,0.013604415218340122,0.013200487368920788,1.2567035129271058,94579.76003417549,5.465995910369591,0.38673331342713624,-1.4905264225668453,0.000845435002878116
464,arc_fault_series,25.0,12.184436623831632,12.15937922182703,0.4873774649532653,17.372290371563988,1.425777071724401,3.639744341263794,0.02596601277016258,0.01418715398796972,0.01620503161212682,0.013605943922450361,0.17951385168880987,36779.436805172365,1.722821721036606,0.12432826718789172,-1.5398008656335027,0.0002662405444226154
465,arc_fault_series,25.0,13.471710746190292,13.431972568718566,0.5388684298476116,19.508103662770477,1.4480791659544172,3.7568217484154642,0.030462792255604786,0.012590455538614986,0.012376004187102751,0.013001046392531392,0.10857258373255052,22508.08046753706,1.8457670641176673,0.14066451472098915,-1.553474338223775,0.0012975667710937518
466,arc_fault_series,32.0,23.577348927481907,23.469218836929684,0.7367921539838096,36.033114961867675,1.528293748002302,4.767979146315693,0.04083791729277976,0.013963609475979116,0.015126202879153961,0.013373313464833938,0.6226444147278272,51966.22850322616,2.9545273293742373,0.25945412443931654,-1.4212626149249223,0.0007548911364160801
467,arc_fault_series,25.0,8.260780442386896,8.244329915666937,0.33043121769547584,11.817883176769604,1.4306012921854518,5.0520434924245885,0.04767620688612976,0.009724986860346053,0.010324993973193777,0.00880811057451042,0.04755256035169494,26950.265026060322,1.311936954144175,0.08460192599593373,-1.5328003253816551,-0.00022087625466570007
468,arc_fault_series,40.0,29.924560426085346,29.817192382033518,0.7481140106521337,45.89600364102587,1.533723569736531,5.772873388418263,0.05417199078652011,0.010605507871087314,0.012826986611969678,0.010915767446875104,0.4636948487530853,58505.90620402325,3.278485138090911,0.31594803852014497,-1.3898861960065454,0.0020790978285813787
469,arc_fault_series,6.0,2.2729910351653393,2.2623955158780236,0.3788318391942232,3.420637317294588,1.5049057663972978,4.402718684289503,0.04070554782675621,0.00949514800777718,0.010369492525116382,0.009008649711091924,0.008483577930125023,7646.731114646315,0.3791612395736633,0.025145377419845714,-1.488107059191848,0.0005544019311809811
470,arc_fault_series,32.0,14.656806081518766,14.63478191436395,0.45802519004746145,21.587862094247154,1.4728899306374181,3.8791328426795753,0.03586668421281414,0.008567101702044663,0.008644284072043262,0.008228390008730102,0.4402475313091477,51811.68264416047,2.5449474664425047,0.14449167185101142,-1.502490258892593,0.000696427808167245
471,arc_fault_series,20.0,15.305895555392016,15.269183648344976,0.7652947777696009,21.812814155775023,1.4251249837299196,3.637774363946068,0.03262277904531938,0.009205178799119515,0.00970220321000109,0.008692562486265015,0.18479804927994797,43115.274023648344,2.3830127727590997,0.1573367892877789,-1.5609132205929617,0.0006187949001403093
472,arc_fault_series,6.0,2.171988244944303,2.165098400425698,0.36199804082405046,3.359012818609803,1.546515191729053,6.291484015961422,0.0595250383112661,0.011827120274151249,0.011953805798934503,0.011435998540534835,0.008409514546809342,6748.899306480147,0.3026280186505142,0.02210923418597803,-1.384102309703292,0.00016985289429645743
473,arc_fault_series,16.0,11.083418254288736,11.076553509998394,0.692713640893046,16.69948739073678,1.5067091222302464,5.275102028136901,0.04701590200700602,0.012876641361001674,0.015388803162621447,0.012942972587760013,0.06304539437321843,21082.860726532228,1.2163745965552464,0.10793791936016033,-1.4331864164611703,-0.0005321307437295348
474,arc_fault_series,10.0,6.207601214036569,6.194939297775911,0.6207601214036569,9.054385489431937,1.4585965134969767,3.8095185651865435,0.03297123895040515,0.010123027305870481,0.01191258170131064,0.010784191643515573,0.022262782122213415,10169.500129728985,0.8085519698869488,0.06329590863159912,-1.5009300668476941,-0.0016265336694517229
475,arc_fault_series,25.0,14.608204255990923,14.567255959803278,0.5843281702396369,21.573361134621617,1.476797610103065,4.777782795302001,0.04304504752396801,0.011233623323135964,0.012812458161555913,0.011749431118681037,0.09390422857000055,26001.149985416832,1.819871781403439,0.15316355474441987,-1.485503717038559,7.619393167730012e-05
476,arc_fault_series,25.0,16.449070128246923,16.443495696838237,0.6579628051298769,24.17331978977686,1.46958579420219,5.335132038424771,0.050219225210893795,0.010092921728865084,0.0106983119303409,0.010373890677520927,0.15315519661292107,31292.14899979317,2.149880108320276,0.16373065124185862,-1.4677345188163209,0.00018097493829213667
477,arc_fault_series,20.0,14.286173655055967,14.223592091884832,0.7143086827527984,21.486147852138778,1.5039819877193439,4.95322778910212,0.04724998141994751,0.008221466037558769,0.009354215211760789,0.008056167282754783,0.13994521790249936,29578.219707706932,1.875221010816832,0.15801425802437805,-1.412481262176023,-0.0007029060425676363
478,arc_fault_series,20.0,9.795978748139797,9.771227539324764,0.4897989374069899,14.838734528330512,1.5147781460462568,5.920303707596543,0.055799711411752446,0.010984537460958503,0.012114179178555439,0.011100840493452628,0.03158729940975284,13957.66047800054,1.0244133191133211,0.09999771147197979,-1.3885713057246514,-0.0005763958139627916
479,arc_fault_series,16.0,11.386836988858,11.34604484902952,0.711677311803625,17.13663989602235,1.50495171848737,5.509901437835004,0.051301061296145,0.01196486379651035,0.011433716564923223,0.011365401896775481,0.15014338673732336,37104.73881356273,1.6194145878489525,0.12184209011486433,-1.4225103253124358,-0.0005000124046456686
480,arc_fault_series,63.0,45.178804372757405,44.98826534642975,0.7171238789326572,64.84123124303811,1.4352135285966496,4.026176349786979,0.03722024738246662,0.009125742411288494,0.00929442947312813,0.007961212544325516,1.8676202508710882,118415.76179579458,6.958607134578904,0.48487433975608596,-1.5674931965859071,0.002413047404875171
481,arc_fault_series,32.0,21.691089496322316,21.661777359010003,0.6778465467600724,31.319430451687985,1.4438846170246198,4.323964388677431,0.03366060082449772,0.015101586068644524,0.016857586558238404,0.014952878804480723,0.3222666485865872,53098.18073599656,2.8753239065480583,0.22108611349314564,-1.5012556943171782,0.0002723456791260969
482,arc_fault_series,25.0,8.344055824762656,8.342040020663347,0.3337622329905062,11.830101204023343,1.4177878781080733,3.5645063640078662,0.030177049520055014,0.010253548439329113,0.010496397086327885,0.011803473980102244,0.1010364176618157,28659.22143543651,1.357224740137684,0.0850429482041331,-1.558039153725917,-0.0001862033990696015
483,arc_fault_series,6.0,2.4353445412890777,2.4347785927238537,0.40589075688151294,3.7117698433756177,1.5241251407847107,5.952751009222765,0.05648312086059924,0.01082938170068885,0.010951472922856465,0.010717689756192734,0.012045237089160235,8736.512516726903,0.3932631173571672,0.024120712967490198,-1.4062473291737385,0.001020756773439554
484,arc_fault_series,16.0,12.158963815265517,12.156222052814964,0.7599352384540948,18.375542700356526,1.5112753831683297,5.029561962627011,0.047708874104350235,0.008558310378291249,0.0101668130900179,0.008670517811979918,0.2272407220737712,33028.22519339317,1.7743691303852538,0.12077788186512163,-1.4057980973492437,7.464943584827833e-06
485,arc_fault_series,25.0,7.818814315995658,7.793223342748895,0.3127525726398263,11.472450896397644,1.467287804937396,4.874728338434966,0.045891283243961,0.009049900599957613,0.009896062462011473,0.009479916149544649,0.05288053749023663,21562.53318244148,1.0865779310445753,0.08173828879728282,-1.4741529750783529,0.0006175375526161945
486,arc_fault_series,63.0,20.281626813960358,20.214511051979407,0.32193058434857713,30.07804817858606,1.4830195059303406,3.0795504542994667,0.02203521902775668,0.011974078536619796,0.013724843692276664,0.011182828357399477,0.37083950971055046,37219.394602040404,2.7465340656294353,0.214711484694262,-1.5319857341343102,-0.0005805289715216241
487,arc_fault_series,6.0,3.711745418196164,3.708709375354395,0.6186242363660274,5.388069862341278,1.4516269985747428,3.7843219793164162,0.03389085820132215,0.009374317411333299,0.010509685452503616,0.009168474690877207,0.004250358289783422,4826.756196923623,0.4764282275511389,0.037847472951761725,-1.4967554037730693,4.99179836967917e-05
488,arc_fault_series,32.0,15.902113210381469,15.873481906111842,0.4969410378244209,23.589701541862837,1.4834318702359133,4.537673921467298,0.04102282543291165,0.010874179173602477,0.012294092915713453,0.010309792447309063,0.33406222822433074,64620.11071216081,2.5236506327349866,0.16050621407444138,-1.475054694301896,0.0001711617795667751
489,arc_fault_series,16.0,7.114802764738297,7.091098419226874,0.44467517279614355,10.221817978642338,1.4366973077407057,3.685018425878638,0.031575812795926916,0.010595386629431826,0.011158929542952924,0.011069387656757888,0.025390317741810747,14941.656950088445,1.0057381116772395,0.07579338480046707,-1.53977496364271,1.6555248424099935e-05
490,arc_fault_series,40.0,12.139645045826889,12.092227582492495,0.3034911261456722,18.300432644200917,1.5074932235341065,5.235670119711736,0.047745952706635966,0.011996577725922743,0.012674626280408883,0.012426990888709417,0.16960071646970512,48912.44082710394,1.6495316382019891,0.1298383044159575,-1.4059378976076646,0.0006793621416371617
491,arc_fault_series,20.0,7.634935152935564,7.623848347586131,0.38174675764677823,11.32174726286564,1.4828871541927429,5.280659230293091,0.04664320440893854,0.014144551152922484,0.015069437413089698,0.013575812419480703,0.02175844475049034,12973.045400639181,0.8099304072247974,0.07621859391864182,-1.4520753392774415,-0.0009933571461421466
492,arc_fault_series,63.0,27.81091671500405,27.743968467585077,0.44144312246038175,41.902200111993224,1.506681730051718,5.388732532477566,0.04813163713860815,0.013982853570914939,0.014553078466847212,0.013389444156780863,1.0315664304917496,70259.76004975491,3.620260756172886,0.2876857372054189,-1.4301639437446705,0.00035295205345526985
493,arc_fault_series,20.0,11.41174385385182,11.370541704158383,0.5705871926925911,17.1924937708605,1.5065614852151572,5.902718220699232,0.05426637154116839,0.01322948843874068,0.014327288561572985,0.012563829738728011,0.11978424929934262,26813.688802858254,1.6097981781990507,0.11947785480558906,-1.4520667696483305,0.00022552177176220827
494,arc_fault_series,40.0,23.50334570583426,23.469315816691545,0.5875836426458565,36.25976880135084,1.542749243177208,3.6343362117496305,0.03287527784623773,0.008343174137929572,0.010541228317551159,0.00751951993095042,0.3423389208597788,44144.93855101064,3.111765095543935,0.2380672297489059,-1.4462362442979841,0.0006022680960235904
495,arc_fault_series,16.0,7.18981376866609,7.159643156246652,0.4493633605416306,11.101669680030758,1.544083064692,5.058864032405523,0.04785757981007593,0.009122937199031851,0.01007106866179564,0.008857809055627506,0.06633467968370794,18221.84154117085,1.0012395087178967,0.07791507314814171,-1.4194694703428576,-0.0003869530825054561
496,arc_fault_series,10.0,4.865945582370361,4.85757627906716,0.48659455823703607,7.335747049823242,1.5075686573424834,5.193878595635572,0.04970467447611583,0.007913428212963602,0.009530321610780709,0.00854845081917392,0.015654882366884598,9205.179215632093,0.6426922700788524,0.04839589440833125,-1.4573335774122254,0.0003678781925746193
497,arc_fault_series,20.0,7.547351675740092,7.519811420124629,0.37736758378700463,11.096159726946254,1.4702057360256717,5.466554168608551,0.047596221765406635,0.015817453931690734,0.015045843218521178,0.015658229364981728,0.04543390229466206,15378.786595040512,0.927286798137374,0.0807283182874068,-1.494648161952505,-0.00024488872508839483
498,arc_fault_series,20.0,7.208381998989633,7.179598688505579,0.3604190999494817,10.61334811575388,1.4723620523675276,4.080251391167187,0.03593211379771148,0.011407281511853374,0.011604238238680398,0.010320551943672053,0.020303604685051144,9535.178229158757,0.8872111561526362,0.0775130027217142,-1.48416204103147,0.0009936284558894053
499,arc_fault_series,63.0,43.34322178350498,43.17850015422747,0.687987647357222,64.57557981187915,1.4898657080209172,5.225715083984231,0.04943173608730476,0.009270168410279276,0.010087478621457386,0.009927750352781517,1.037213883737964,80801.23090191839,5.74967221271545,0.4602067357993424,-1.4643154125996674,5.0255669621315646e-06
500,arc_fault_series,10.0,7.355056974779759,7.338900714564292,0.7355056974779759,11.233433849884223,1.5273075228208264,6.492275054602985,0.0625917946438748,0.009924982324081823,0.010165317328691368,0.009656469697847489,0.05204127961820991,17531.686105930283,0.9378974005225938,0.0752393153307573,-1.3787487773582747,0.0004514525735071771
501,arc_fault_series,32.0,19.011501246384515,18.993305170306456,0.5941094139495161,29.249291311055224,1.5385050833415461,6.466810379408404,0.06102868810237859,0.012287626576398144,0.012814097693837165,0.011797864951240038,0.32980681013593205,60298.021705256986,2.267534113522154,0.19483520213922723,-1.3884957203787187,0.0012114620159112315
502,arc_fault_series,10.0,5.345407852886707,5.322535206880883,0.5345407852886707,8.008389196056662,1.4981811332195485,4.305514437453131,0.03828564213422009,0.011376117881750306,0.011865796390633367,0.010771592981746667,0.02206035479309212,13049.257786790171,0.6701194450534744,0.057052030201383636,-1.426069764710111,0.0005638442248072178
503,arc_fault_series,40.0,13.359393626826684,13.306497397280506,0.3339848406706671,20.46934836565117,1.5322063961806582,5.565610744636232,0.05151111517133869,0.012018309475422402,0.013139320100913907,0.01109940708383405,0.12331249752176789,27730.545308635323,1.5863962540590613,0.14593787688403417,-1.4154842745843432,-0.0021834438333076618
504,arc_fault_series,16.0,7.7456172916756305,7.7278352757598165,0.4841010807297269,11.48994509625174,1.483412446302608,4.034312928291979,0.037005318648653106,0.008938969544637387,0.00995908093657645,0.008721708638474084,0.04835775439507834,17473.243764065148,1.1545694123320391,0.07937822928992636,-1.4764735992489644,0.00020732837368825027
505,arc_fault_series,32.0,23.117846548969066,23.017279208564606,0.7224327046552833,33.75674995718204,1.4602030463441764,5.316474210781549,0.049750225010840095,0.010316820547455514,0.011817372056699749,0.01014383930685592,0.3731024512594859,59087.76724806435,3.2910966295385364,0.2508510479127423,-1.5217755235212238,-0.00010216819586408652
506,arc_fault_series,63.0,34.73807301222381,34.64500166308928,0.5513979843210128,53.28200566397403,1.5338215693107409,4.753355529804561,0.04552183658500945,0.006959064662614397,0.008422596603507625,0.008030237064882232,0.715013712330762,61025.28877387503,4.30879656185511,0.36295439375183347,-1.4033977702010496,-0.0015688980427651484
507,arc_fault_series,10.0,4.910632142081303,4.889248385738627,0.49106321420813026,7.610880722542041,1.5498779995698064,4.639890272709219,0.04171250157908148,0.010557928639244821,0.012711817658526435,0.011718775786924391,0.03723245268990569,16109.552154095927,0.6517056399548465,0.05326543482920282,-1.4176606038117048,-0.0023482320639518837
508,arc_fault_series,10.0,3.641290688799323,3.6385378999890574,0.3641290688799323,5.361871844857107,1.472519582102523,4.027357038513224,0.03498439003922222,0.011361114533900025,0.01159692778820153,0.01153164735140893,0.008694221178831405,9891.714759049803,0.4897036147508258,0.03682435125381286,-1.4722858533769887,-0.00030754603042117953
509,arc_fault_series,6.0,1.9973018740103605,1.9900493581975596,0.3328836456683934,2.9439912675233795,1.4739841304700663,5.394721342744983,0.048458303999915985,0.01345567576654269,0.014763610053839511,0.01274019410066911,0.0026138319841902606,5407.120837475925,0.2876593211884124,0.021293308579039296,-1.4899510901966877,-0.00021996326224235098
510,arc_fault_series,25.0,12.34042544018797,12.33540879785282,0.49361701760751875,17.486236029103985,1.4169881024313087,4.84305609891287,0.044695434238230886,0.010113661438280018,0.010976089619115274,0.01115417582712247,0.1042110749489707,33357.09938763007,1.9117787287075447,0.1250743439910123,-1.573608204795178,0.0004983242602380215
511,arc_fault_series,6.0,3.501135890699607,3.490630619590287,0.5835226484499345,4.947286312430717,1.4130517824685416,3.517826883601018,0.03145506311500973,0.009174243814221612,0.00940699335753553,0.008673302640932176,0.0045868453737625756,5305.8605799543175,0.5150654151323046,0.03618284138414153,-1.543748081554142,-0.0001949342859906778
512,arc_fault_series,25.0,17.88011596328108,17.88048695775972,0.7152046385312433,26.74411494049337,1.495746168197108,3.786769895100884,0.026580932762281358,0.01598646016578129,0.015450496654112678,0.015074759897619467,0.1569984781617632,29093.499302955122,1.9954894689752172,0.176406824236136,-1.4930688081944175,-0.0021108805710712275
513,arc_fault_series,6.0,2.9129380149822803,2.9045200922373287,0.4854896691637134,4.372024387901219,1.500898530594691,6.09310003103404,0.0557032084687453,0.014274248343977647,0.014962057793226003,0.013434708425185803,0.005215825883698984,5217.464987877305,0.36451648573457207,0.029755472807719233,-1.4449310827004958,0.00017617546553260014
514,arc_fault_series,20.0,11.292211310058109,11.248410872716267,0.5646105655029054,16.225907401138528,1.436911420994133,5.223816298120339,0.04742280979641579,0.012828566923372456,0.012436658859887857,0.012561699798470587,0.07804530040126277,24776.58471631755,1.649799668693938,0.11993944583961234,-1.5354250628510693,0.0011162778204699972
515,arc_fault_series,63.0,42.72566834941837,42.61944705807037,0.6781852118955297,62.17145044257433,1.4551311387962302,3.244727510574125,0.027269256276090528,0.008976231444363136,0.011682615074505517,0.009536895542617975,1.42632784342257,93132.01383776011,5.871409280432801,0.44828365660104547,-1.5183736302992146,0.0004223991740194367
516,arc_fault_series,32.0,15.479324016051196,15.400329769947215,0.4837288755015999,22.42331067843938,1.4485975391263248,5.028105508650836,0.04284748068177589,0.01457917553495218,0.015837435497765864,0.015087613566997475,0.14597565399356802,23591.26161222102,2.020233957655249,0.17579028990491735,-1.5267260129873845,0.000897404559904941
517,arc_fault_series,25.0,15.95306180992474,15.88464074235843,0.6381224723969896,22.64663199520793,1.4195790290049146,4.582690067823031,0.03688476574055616,0.015307654127172098,0.016417114980157542,0.0152812886835774,0.5490458365799425,61900.63257410614,2.5899911668645053,0.173311556232417,-1.565861879563076,-0.0014167214124473665
518,arc_fault_series,40.0,12.022463424755417,11.997257795693034,0.3005615856188854,17.390038811816147,1.446462192978014,4.421827507518419,0.040874981979897904,0.009488504766249472,0.010067786228663885,0.009620796965495788,0.14280948575258445,41361.319608127094,1.9529848883127647,0.12005442559375704,-1.5036357566789793,0.00027247174916300473
519,arc_fault_series,25.0,12.306087300903739,12.288628573793792,0.4922434920361496,17.964049070953916,1.4597693507484621,5.390911344591311,0.046686958017698336,0.015667917057712304,0.01644684403278542,0.014469520109744739,0.0709357971396567,21614.887261809665,1.4284241993014122,0.12523194924548767,-1.5140133195142782,0.0001787703801014742
520,arc_fault_series,25.0,17.048577104246363,16.993477528292907,0.6819430841698545,24.645864860256367,1.4456259140049927,3.5941389018211,0.024931167234650196,0.01472879394727606,0.01589507821100422,0.013906060055509671,0.327049827750882,39247.645793010146,2.2990633446251882,0.17834833497175465,-1.5458130335481242,-0.001515805217173754
521,arc_fault_series,20.0,14.811002646925939,14.759843860178396,0.740550132346297,22.661063688926905,1.5300155045276593,4.825573950930771,0.04511572217289984,0.009224805499441801,0.010451493890785393,0.009623555194592027,0.17768287122450993,34203.56139073389,1.9668042493569347,0.15747535120299888,-1.4499558301876048,0.0013481864797850367
522,arc_fault_series,32.0,18.011728846118537,17.956188448598347,0.5628665264412043,25.10425083097253,1.3937724159659794,4.945725722619295,0.044088674254779844,0.011606147037654464,0.01446877888673988,0.01247080200078121,0.1620776266817319,32781.70988199025,2.530047699511199,0.18837426159303908,-1.5804795102660194,-0.0008877383069949848
523,arc_fault_series,10.0,4.708202730424023,4.703672587650749,0.47082027304240226,6.911318362603315,1.46793134383849,5.645388737742876,0.053645239859414405,0.009482443493996344,0.010585228180780462,0.010290477425897832,0.04150002336272095,16170.30076143036,0.826998747080895,0.04684843270240787,-1.4969303988744322,-0.0011660533623804965
524,arc_fault_series,25.0,16.050388499490094,15.984445375579988,0.6420155399796037,24.18327611053111,1.5067097042412825,3.496400236960837,0.0304518050529034,0.009177982334977136,0.0103170767203638,0.009852697880921617,0.5106363361108536,62818.26646342695,2.685617499357237,0.17326626329672265,-1.5197593205780295,-0.0037594097299785034
525,arc_fault_series,32.0,11.735387212729922,11.731796343172968,0.36673085039781006,17.67419561971626,1.5060598596216899,4.710161468988934,0.04241496712758325,0.011029712269536267,0.012163446518770379,0.012187900689515656,0.07924012885518865,19945.394881055417,1.3039939416704909,0.11628346563725611,-1.4152131415121683,-0.000656805440376057
526,arc_fault_series,40.0,19.09804120155525,19.006425916193272,0.4774510300388813,28.778577457705456,1.5068863425561667,4.324899024550256,0.03969207240749132,0.009340559501612646,0.010311226954832673,0.010002886034790433,0.5756227363228288,64809.218247020915,2.7464286034973644,0.21239765138288044,-1.4246777458054694,0.0007277768089128031
527,arc_fault_series,16.0,10.613665625508375,10.579667528803153,0.6633541015942734,15.999987105178898,1.5074892754504916,5.802220672805846,0.05595712740597805,0.009238776293373031,0.009171109671045036,0.007925603120446736,0.04897790051453143,18065.618066679104,1.3585268327151367,0.11371370207686682,-1.4394034925125572,-0.0012982863918487594
528,arc_fault_series,40.0,26.18686812091921,26.137071628719976,0.6546717030229803,36.28116425807193,1.385471683332131,5.638424785511267,0.048148134892814984,0.01566712711396832,0.01780265374712361,0.017201385601501085,0.8994198968855761,85244.56608345291,3.89295073558718,0.2701063480247164,-1.586793616365341,0.00015469077685497575
529,arc_fault_series,10.0,5.170243847997054,5.1521412958268495,0.5170243847997054,8.002606818870165,1.547819997005082,5.61060325382397,0.05246322194539606,0.01109096469733643,0.012931115962785442,0.010020115733045539,0.01600639757497077,8249.008112707808,0.5357945979364072,0.05620332816901966,-1.3916492903540294,-0.00010050025339442342
530,arc_fault_series,32.0,18.599153480088436,18.545812647750015,0.5812235462527636,27.405990073203455,1.4735073884448442,5.150672537885474,0.047364883775329256,0.01200662352954354,0.01240783360503904,0.010474518273099198,0.5187038838831224,54316.12754503254,2.8746503274220396,0.19289429591253202,-1.5019486036091332,-0.00037402923437877865
531,arc_fault_series,40.0,25.482358298998943,25.470234327741352,0.6370589574749735,36.03140785871256,1.4139746186173852,4.727834100297877,0.041545077472202624,0.012528966023977718,0.013877847528744002,0.012539809488605135,0.5854183316845221,58141.988045564634,3.5926454430722354,0.2548390773806815,-1.5720117770978823,0.0007746769739222705
532,arc_fault_series,10.0,5.231804599022637,5.222565218088711,0.5231804599022637,7.9209495832619385,1.5139995066382383,5.46408850584077,0.0506883090705057,0.011020102493005285,0.013091212427030173,0.011051749450526477,0.011434647835058473,10258.959773141538,0.5429672745642751,0.052993463998027235,-1.4041227407069334,0.0001372459549298789
533,arc_fault_series,32.0,18.072947017767337,18.03787253022734,0.5647795943052293,25.85766923874883,1.430738949873403,3.413187685302483,0.02612065683591236,0.012322662916085806,0.013142064704783492,0.012496342172904172,0.4161445325984089,53214.36743879853,2.7932849667221196,0.1905023315451457,-1.5337733660579806,0.0009937201688679862
534,arc_fault_series,6.0,3.5544892221669113,3.537876275819544,0.5924148703611519,5.393767443633645,1.5174521865135966,5.968740150847918,0.057861631003719216,0.008517272612008707,0.009364433907262614,0.007163108860923231,0.012464622023051415,8899.077150391466,0.510054817451609,0.03937401094397367,-1.4320231802077943,7.950391484858911e-05
535,arc_fault_series,6.0,2.874096775738004,2.8746321757654636,0.4790161292896673,4.4045636885932975,1.532503610957846,5.701925030719497,0.05389393365494061,0.01091375980580841,0.011125239115997545,0.01011707800116749,0.0036777308450007254,5537.418684324575,0.3452964628998455,0.029407895012743147,-1.4023653964799998,0.001093691820146344
536,arc_fault_series,25.0,12.37283103137068,12.338361976717628,0.4949132412548272,18.011472083750128,1.455727637161393,4.149049914279123,0.03525441936409901,0.012690464180100357,0.013077600442418057,0.012053657539012094,0.16727940735171706,26047.055733876336,1.7394066605941132,0.12969350597570967,-1.5139471105707623,0.00048666820946947665
537,arc_fault_series,10.0,7.601365943206265,7.59064902016512,0.7601365943206264,11.765286523104194,1.5477858334226964,6.374000227397467,0.062447808106673275,0.0073423998337599355,0.007872281013158457,0.006810748044509199,0.06849143638020085,20811.75542998234,1.066755439999566,0.0773283195414365,-1.3790529535055156,0.0011256007898653281
538,arc_fault_series,6.0,3.7393067629208847,3.734093711209264,0.6232177938201474,5.674487574091253,1.5175239509211105,6.47503279050597,0.06160060114977258,0.01134161589867029,0.012145151931479288,0.010991667930747163,0.01539063551466505,9947.916775062933,0.47129490816961883,0.03727208625022448,-1.396768874665567,5.203784628345816e-05
539,arc_fault_series,20.0,10.152255498339388,10.12375254479434,0.5076127749169694,15.55023713738281,1.5317026978285437,5.719989266969079,0.05506515811546965,0.008867752868815493,0.009309006627105447,0.008555680410558287,0.10266804730826218,24414.65791854144,1.3125076781253409,0.1019849705542131,-1.388208574316548,0.0001991110660443807
540,arc_fault_series,63.0,37.30934559788352,37.31057473992529,0.59221183488704,56.928431517244086,1.525849103044779,6.119529766912606,0.05922972210974399,0.008772396907175961,0.009557283132855069,0.008217344371813965,4.049480581186671,155436.67942167362,6.348618004483352,0.37706380327913647,-1.4106879134468655,-0.00016622188059173688
541,arc_fault_series,16.0,11.037112396630224,10.984312753986194,0.689819524789389,16.398956003146342,1.485801304937998,4.363407385713791,0.0409493418991138,0.008620618611296796,0.008448125109424035,0.00895874525750146,0.06358141337156872,19178.6960847903,1.4051352564151365,0.12176995489801248,-1.449458873631676,0.0004696677902500981
542,arc_fault_series,40.0,31.039118567856665,30.92304149959596,0.7759779641964166,44.175032022320046,1.4232051056579744,5.1734749721344055,0.04334761915641331,0.015964487009508754,0.017016935913763763,0.01578962050198615,0.5807589054281922,65433.21472553483,3.862123145729977,0.3375212018628206,-1.5518350049701821,-0.0016064699046546328
543,arc_fault_series,32.0,12.990097021013739,12.926230965390436,0.40594053190667934,18.76500820776804,1.4445625907156672,4.9228587438775415,0.043392824596452155,0.01338556671999007,0.013341067310265818,0.013495599768845068,0.32353211022516404,45319.2989287099,2.2025943135209025,0.14514489697478253,-1.563736404096537,0.000543674032100323
544,arc_fault_series,20.0,14.085798034152534,14.02017791225851,0.7042899017076267,20.30387302726411,1.44144286156835,3.4602055461126286,0.027304955036015627,0.011536946640554902,0.012678505623131112,0.012449307640023572,0.22360405871497369,40164.97815033502,2.153265027757763,0.15638795912682996,-1.5355005805348698,-0.00025514118708250906
545,arc_fault_series,6.0,2.477410086933789,2.4684527440269304,0.4129016811556315,3.7222158143510855,1.5024625242627836,5.145766317684997,0.04607324876263599,0.012594467082929118,0.0139889156472051,0.013022451219360215,0.0027564364325548983,4863.747454351611,0.2617886287293531,0.02597458982552085,-1.4194487433025509,0.0001939722146022961
546,arc_fault_series,32.0,12.940259353716211,12.913105332971062,0.4043831048036316,19.22920301100652,1.4859982697331515,4.133335921071877,0.03709470381633565,0.010415903317496858,0.010813812821971257,0.010303537831163292,0.15934996717280403,33926.16125815134,1.9324384726792754,0.135728189121964,-1.4898039294514154,-0.00015277709015503152
547,arc_fault_series,16.0,7.300392596098499,7.273920263282708,0.4562745372561562,10.415250751393858,1.4266699513575944,4.3998875117653435,0.03661923692956401,0.014062415002317225,0.014235784099273905,0.013875965982316956,0.0771998730001742,21916.120962756526,1.0669220139250877,0.07814397907959898,-1.5421909361299277,0.0010057870535061513
548,arc_fault_series,32.0,15.404524781815114,15.40155049051605,0.4813913994317223,22.795816848579854,1.4798130529810483,4.470919973110985,0.040160362056363356,0.012056028690701472,0.011673490361208145,0.01008146883351808,0.2725071147924329,39666.31350494224,2.0763131852242385,0.15267723432468885,-1.473375965767985,-1.4694923198950092e-05
549,arc_fault_series,20.0,12.603561939519725,12.573980249570809,0.6301780969759863,18.987861614999517,1.506547252642496,4.624434108036013,0.04404344785575594,0.007638642417538266,0.008790373606978371,0.007879575696654111,0.06877447285190053,26561.61371118272,1.6007396930336608,0.12915934687195343,-1.4331585953959944,-0.00015019479275955232
550,arc_fault_series,32.0,14.345244185210358,14.308724441286172,0.4482888807878237,19.941359734707056,1.3901024950050047,4.424180183559184,0.040552326285116964,0.009700213172524152,0.010724215251279824,0.010116629510996008,0.2778549818292231,51815.973110368795,2.3936729893233357,0.14701511070295625,-1.5757079383728423,0.0008327554489107987
551,arc_fault_series,10.0,4.47170340793283,4.451692755197572,0.44717034079328305,6.6680490426902415,1.4911653195446537,4.28312385697482,0.03796581412374126,0.010711462093428464,0.012339689961395575,0.011153629794291419,0.030478737178442468,12481.803463930379,0.6523492336595289,0.049913378212093545,-1.456968552507273,0.0001482086242788947
552,arc_fault_series,20.0,14.046762642532084,14.028317697279427,0.7023381321266042,21.124280450122857,1.5038540186232632,5.395240061966272,0.05141233671533262,0.009045335871783392,0.00998209232366252,0.009176194849841909,0.26656111590750264,42200.3581099996,2.136502560970445,0.14180179453843414,-1.4256484515755592,0.0010346319664727586
553,arc_fault_series,10.0,4.416499125601132,4.396632471160462,0.4416499125601132,6.745107104466949,1.5272519955546502,5.870507446246263,0.05478627804575444,0.01255262037116434,0.012650488825449169,0.011197451747333501,0.045844043961242135,18582.053311031817,0.6729372452724856,0.047730432686450754,-1.398901376807304,0.0010115416261592394
554,arc_fault_series,63.0,23.681122449429736,23.654016591145318,0.3758908325306307,36.22104594935698,1.529532479939509,6.021512453046803,0.05647432428700318,0.012259589276805618,0.01307821740276552,0.010538659537264,1.1728012221967226,73069.42134655298,3.617558460430775,0.24155426253557546,-1.4201932660671872,-0.0007972733749434918
555,arc_fault_series,25.0,16.088679457491892,16.072156975076332,0.6435471782996757,24.996519939214966,1.5536713254624113,4.914065902884699,0.04605093701856965,0.009387138701398668,0.010180314556249948,0.009842432098579379,0.38450434579678316,45702.2625615934,2.3004142406238586,0.1622620174168233,-1.4132052462084115,-1.744072939940702e-05
556,arc_fault_series,63.0,43.13489082301864,43.10889145531384,0.6846808067145815,61.1832245505944,1.418416121654491,3.897318497271988,0.029605344503184968,0.014377995797613563,0.015422346175094186,0.014041723599908065,2.7987428149357183,168788.02484127125,6.697158643677468,0.4396011577475621,-1.5398776338145874,0.001216487177933485
557,arc_fault_series,10.0,5.654550009938138,5.646349204787761,0.5654550009938137,8.191730496072097,1.4486971518911405,3.741670007400711,0.032703702751548075,0.0099370627496853,0.011490614543735175,0.00987980425138068,0.06826443606436478,24385.728366699906,0.9526314082904083,0.05789374030598899,-1.5469541576361094,-0.00022538268525514795
558,arc_fault_series,63.0,28.024945842634732,27.915941571012436,0.4448404102005513,40.37023618673507,1.4405107653724265,4.155686458167018,0.033047624436265285,0.014291582332885817,0.015229544222436633,0.013932036680938517,0.412743072691344,44718.20233598965,3.399889124455681,0.30089661259919037,-1.5392924787911613,-0.00019614826855860013
559,arc_fault_series,16.0,12.08636633564361,12.025970329579485,0.7553978959777257,18.41049622973881,1.5232449287857193,6.240929114781907,0.059023243133689784,0.012188877568619713,0.012118350698905938,0.010601444409605747,0.3016453981544354,39850.649757105086,1.8172206193685925,0.13496272368123396,-1.4225288179315565,-0.00012814062888505924
560,arc_fault_series,20.0,8.158792031621234,8.133073384716456,0.4079396015810617,12.006523489930421,1.4716055320352368,5.402240210871932,0.04805076654808029,0.01380820561805146,0.015270570043959689,0.013570317836335768,0.07757843907484631,22465.842048817358,1.1043889560183087,0.08637871272017539,-1.4708428888194378,-0.0011553947869471185
561,arc_fault_series,63.0,31.533816770806993,31.460983133340406,0.5005367741397936,47.28210100722864,1.4994093911746673,4.417541866219695,0.03823646837378398,0.011653732522023024,0.014002606229522431,0.012260537528500452,1.7130874625200931,124580.06391544288,5.122785309169504,0.3253421344019014,-1.5196116530118855,-0.0031992906781397766
562,arc_fault_series,32.0,18.9132937410609,18.87572279581511,0.5910404294081532,28.601654680778985,1.5122513862919778,5.605226677376033,0.05155856998011798,0.012350605925823082,0.013122055371195377,0.01249769777742154,0.24160621512980968,37556.59172958322,2.127188930938103,0.19270886501022375,-1.4125148565965853,0.0019467424189861342
563,arc_fault_series,40.0,25.729305365401967,25.669160252284396,0.6432326341350492,36.14070329387241,1.4046513413092736,4.583046902431165,0.03802971777389632,0.014287059094382201,0.01554645668557065,0.014392444968007522,0.5527639974061027,72892.56721482902,3.623804135088762,0.26081693259644173,-1.569455972825258,0.0005239221467907757
564,arc_fault_series,20.0,13.986125840392786,13.942603929434874,0.6993062920196393,20.94941468841329,1.4978711707578256,5.106840158611034,0.0454929630584669,0.013488512265556236,0.014490014611928058,0.01200996676116485,0.170343191271553,36726.497748609865,1.740370553289239,0.14422117413502009,-1.4530078020810873,0.0016251239920557937
565,arc_fault_series,25.0,9.76111968840356,9.737782359798823,0.3904447875361424,14.211072229434718,1.4558854600320001,3.349521323781534,0.028500630456292055,0.009594090428813089,0.01107890394923818,0.009701248377515806,0.04733252601831642,24889.200312163026,1.2978436283512778,0.10170941233377344,-1.503600893456915,0.0011788334353859422
566,arc_fault_series,63.0,44.943831743129245,44.840640390109535,0.7133941546528452,66.09601124027766,1.470635873162092,3.4252827815013225,0.029307091955391856,0.009857926756269158,0.011179592627595016,0.009525932305101318,2.7511961414975583,129275.27987037732,6.826617116856351,0.4529771450586384,-1.4825164438224494,0.001025920170137497
567,arc_fault_series,32.0,13.894753424858637,13.889836383306188,0.4342110445268324,21.548659981971475,1.5508486780246595,4.5311005399519155,0.04230641534018285,0.008198003921229706,0.010511222162600434,0.009168578213424991,0.413189814158517,45742.65097320253,2.231176192439837,0.1348309823160761,-1.4172418165513145,-0.0003290889496021808
568,arc_fault_series,25.0,17.100933139944832,17.02859671264576,0.6840373255977933,24.652462325238258,1.4415857966377734,3.9964085486334766,0.035742441228170836,0.010669356113559717,0.010133886882671117,0.009941916623168342,0.6305513098593294,56862.908451066956,3.0142947565072498,0.18516706287817367,-1.5598325634920274,-0.001070860046120315
569,arc_fault_series,16.0,12.371425566811839,12.349841448967641,0.7732140979257399,19.143575542494997,1.5474025557978572,5.058795148875416,0.04851365484915776,0.00889634711638952,0.009001101130885309,0.006637963885649721,0.2973373083177219,36044.38486340426,1.8984856257493157,0.1253709110067626,-1.4174776788729562,-0.0006686362648687964
570,arc_fault_series,40.0,15.65866199008908,15.62628459557446,0.391466549752227,23.20806883100413,1.482123366875868,4.054987531914762,0.03264917124119273,0.013651816824168831,0.014418649577400284,0.013496697174250895,0.22452935922088363,36947.84329134529,2.025605187867447,0.15939313132804944,-1.4850497240569787,0.0005294432363293625
571,arc_fault_series,25.0,10.918597185960538,10.875403286816928,0.4367438874384215,15.82549931246791,1.449407743640127,5.430925121798308,0.051825372294295055,0.009762836036828319,0.00932279249223027,0.008907950279609687,0.18724295424204573,33623.7538382276,2.012466140697458,0.11635006462588778,-1.5625130501152662,0.00031642567460989947
572,arc_fault_series,40.0,28.77702096176483,28.70200148645739,0.7194255240441207,44.30622999696442,1.5396392161055568,6.181409393155013,0.05939075540034605,0.008989959730005354,0.010993059340404879,0.009480412161388384,0.5547675127488928,62972.01246843725,3.5191793176242867,0.29511868916212164,-1.3912769250103034,0.00042825369336678914
573,arc_fault_series,25.0,14.945830564132198,14.920603452295603,0.5978332225652879,21.26185604254091,1.4225944787667841,3.5930285286495245,0.028779298016154482,0.011645512049369151,0.013542948481473244,0.01193079064404369,0.30396785930947945,39097.1773216816,2.33949623519943,0.15106238946905684,-1.530616720929953,-0.00017509481744938402
574,arc_fault_series,16.0,12.312543474825947,12.295039032110813,0.7695339671766217,17.48549582934152,1.4201367786982422,5.326969775318952,0.04685172247801439,0.01420938764498912,0.014828783223704857,0.014833644394764303,0.06116962259601926,26240.07512741276,1.5342183943979588,0.1232386017091464,-1.5441211125120424,-0.0006043113781777024
575,arc_fault_series,40.0,22.642487582991958,22.546375100267635,0.5660621895747989,32.02433217839069,1.414346902459234,3.4074301814786785,0.029366645777775764,0.009529627380599752,0.010454656325682874,0.009844493488542116,0.3223600968446183,42824.35005108668,3.3148516084565376,0.2419528299033536,-1.547653878372784,0.0012808558546176776
576,arc_fault_series,20.0,9.816380093138026,9.785763763981178,0.4908190046569013,15.132728617810866,1.5415793268689304,6.077631594485215,0.05646353238540968,0.013141106551659034,0.013967333348679238,0.0115967179717878,0.08823488452197734,24983.135928014897,1.2216779953650847,0.10593866911502375,-1.4087582102023233,0.0002828306679179882
577,arc_fault_series,16.0,8.008696363606854,7.976129766084729,0.5005435227254283,11.24503184724407,1.4041026573238162,3.9575888478695296,0.0329316710155002,0.012253632951846371,0.013414229033861432,0.012300419919891673,0.04457618756071488,18827.405250907323,1.1541946364542426,0.08687399472223457,-1.5590138230565034,-0.00010567667167859913
578,arc_fault_series,20.0,8.9732488340557,8.97207695148725,0.448662441702785,13.497123937707416,1.5041513041495447,4.3771914160972925,0.04014102764092483,0.009859407815176439,0.010477092164825019,0.009746649452233375,0.07268688383779859,18761.044256509118,1.262601436780308,0.09111743002401211,-1.4748126902185426,-0.00010308724320682985
579,arc_fault_series,20.0,10.749462836863138,10.704794912853222,0.5374731418431569,14.922948201620605,1.3882505969560712,4.843147155725137,0.03969186348709532,0.014979061618939204,0.01721606563878521,0.015758480988987095,0.12903658563039266,26519.244786906696,1.526232826516542,0.11657838486808382,-1.5739453295756052,-1.0951532196851002e-05
580,arc_fault_series,16.0,11.552953740327936,11.525156300428595,0.722059608770496,17.632722871964052,1.5262523564763522,6.082292887892543,0.05934964926623608,0.007101537582171519,0.008166562294731878,0.007700020196454638,0.29535274839253495,42922.95378556055,1.7989743548636001,0.11729410496353013,-1.3802365341387808,-5.803411336519912e-05
581,arc_fault_series,63.0,29.773403532034923,29.63704450787926,0.4725937068576972,43.13395883700437,1.4487412831101192,5.490998274420489,0.04751385429951541,0.015993538113787533,0.016973351350501455,0.014566244396632384,1.2762163528181483,80931.83014481855,4.500847141498918,0.33157620968113266,-1.5115770599868543,-4.389249922326889e-05
582,arc_fault_series,10.0,3.494688733162958,3.4841443169269115,0.3494688733162958,5.219514303204406,1.4935562793275707,3.946573856753443,0.036047886820261416,0.009349451101222482,0.009373836998979878,0.009041871936592873,0.005790262658428578,6833.002202019205,0.4296293892433948,0.03689940084311864,-1.4317675105854535,0.000608316374575478
583,arc_fault_series,16.0,12.285420534002972,12.231074153093731,0.7678387833751857,17.526540834832694,1.426613015394711,4.915333712959707,0.04682100571331501,0.008584431317650253,0.008356057036252949,0.008848251118022054,0.16514480091190953,37492.54900437764,2.089574559378179,0.13571552126492786,-1.553132824512325,0.000939467801599933
584,arc_fault_series,6.0,2.990013077142122,2.978639122327852,0.4983355128570203,4.282824734686257,1.4323765892513882,5.453207659057526,0.05115233619980999,0.010446691279728946,0.011199195721167081,0.010991503009677024,0.01358349396934344,8331.820591514681,0.5007857257130439,0.03214210861558205,-1.5800731790964058,0.0004539584413338074
585,arc_fault_series,40.0,22.995695400034098,22.998416342913547,0.5748923850008525,34.52504278194121,1.5013698076896882,6.099470824774098,0.05734892626658243,0.011487892816842264,0.012354591935377508,0.012089741624329962,0.2589700578193634,36715.72989727535,2.859538795866243,0.22828953400749818,-1.421443406241616,0.0006667525016653598
586,arc_fault_series,10.0,6.059781743095272,6.034953286494904,0.6059781743095272,9.03502824593495,1.4909824524189828,3.4503001555675996,0.03138463493806574,0.007452124116222004,0.009734339417329914,0.007245144377972206,0.038447284243921825,17257.228963385645,0.9268610857101812,0.0650155140365162,-1.4709830402323791,-0.000554361524443936
587,arc_fault_series,40.0,26.988600940544718,26.960752613952486,0.6747150235136179,41.49058268399163,1.5373372919128754,4.9176111439483625,0.045774686504497494,0.010540936835691959,0.010631372130598922,0.009736845726765794,1.1187339167306278,90664.16618887788,4.203553370859124,0.2672134709736201,-1.4533151419013264,-0.002406960502497123
588,arc_fault_series,20.0,14.449427898287254,14.381239570134634,0.7224713949143627,21.89647256364497,1.5153868178216976,5.899855047409255,0.05689678234280357,0.008931031085931901,0.009601930566858173,0.008410496998651235,0.19436741016655518,48411.75962533887,2.0830863646248914,0.1571323489862584,-1.4039766053710954,-0.00013449849735409778
589,arc_fault_series,6.0,4.0186385072833,3.99720946256467,0.6697730845472166,5.903546301799163,1.4690413904188326,3.9765996631333462,0.0315581938043647,0.012594198613822832,0.015613189306648326,0.01348753661728738,0.011730438656797088,8449.77303145013,0.53186648714597,0.045841300305064885,-1.5219415947395132,0.0010284560417696679
590,arc_fault_series,16.0,7.393146726238206,7.372743518391189,0.4620716703898879,10.74994178886986,1.454041450207444,3.6818951653453187,0.029408175626606383,0.012466300040654755,0.013882345022168433,0.011850025318635141,0.03805333812844528,17316.571791191225,0.9291036186577019,0.07661324168738497,-1.4964574057328865,-0.0006089343413283977
591,arc_fault_series,25.0,7.607688645535315,7.582106117296779,0.3043075458214126,11.527311064796933,1.515218563794233,3.9718849400180116,0.036021318761415004,0.010129867559675423,0.010335098853772803,0.008255973455019397,0.10704009741845463,29143.589245665404,1.1559340464880883,0.08023603122578567,-1.4447309360686647,0.0008220686124351665
592,arc_fault_series,16.0,12.191737125366375,12.180179396770042,0.7619835703353984,19.036142419196143,1.561397052929214,6.665984646602462,0.06362870829249119,0.0116021633751928,0.012697947755723762,0.009605302721787777,0.1225505499333644,26157.028253742657,1.4302583818764116,0.12364080888085939,-1.368935437834339,0.0006810794434229271
593,arc_fault_series,25.0,11.092057971689057,11.050252320048646,0.44368231886756226,16.43026675923272,1.4812640539462953,4.908685547188674,0.04181084707735913,0.013797734171397544,0.016750026985076296,0.01372538551834154,0.1738364656843278,34523.70450426401,1.6007880760582123,0.11698640167668334,-1.4682546495513797,-0.0012752348168976377
594,arc_fault_series,20.0,10.912794943099286,10.864647188983826,0.5456397471549643,16.378929146302458,1.500892230652496,5.934646862401306,0.05567204082666908,0.011748367639730273,0.012480104870710152,0.011334358451348612,0.06169663430728428,22110.401578091813,1.280131989712978,0.12091701309543072,-1.4225501577332322,0.00043919546205567603
595,arc_fault_series,63.0,21.164859497495833,21.082163404119445,0.3359501507539021,30.189983196897924,1.4264202036892093,5.362923751689588,0.04758437166724296,0.014251280446681495,0.01513243847441106,0.013331491903639166,0.6008803558692785,63758.7453451966,3.253317317128171,0.22533614931657434,-1.534291630118298,-0.0007115827648233719
596,arc_fault_series,63.0,47.23895513421264,47.03587986731918,0.7498246846700419,68.24491493438639,1.4446745220983008,3.013818968533844,0.024264126949624116,0.009664581797874374,0.0106416226639468,0.010496157659030291,1.4446226948510503,91064.64021537385,6.456455087060071,0.5168045642395902,-1.531616739179134,-0.0014302698378779882
597,arc_fault_series,63.0,39.807274583408756,39.804931668345404,0.6318615013239485,56.551761601655976,1.4206388704592579,4.50150348322656,0.03698172426273438,0.014302278326094296,0.015541471012168144,0.0145141015180785,2.8013534368119193,134585.17960483042,6.142155884423248,0.3903919119101796,-1.5362786506168917,0.0006245399985887945
598,arc_fault_series,10.0,5.509494269813006,5.483005181324329,0.5509494269813006,7.759649399036086,1.4084140971238432,3.8147884147089304,0.03460705953038985,0.008065682586029313,0.00952273163938495,0.010064030691282626,0.013494276478976785,10726.588258416108,0.8022447912513091,0.06179143209076297,-1.5594441925963034,0.0009169944925591109
599,arc_fault_series,63.0,45.43323287248978,45.22887569889735,0.7211624265474569,68.4985913044847,1.5076759229355552,4.178868410530943,0.0370225378705094,0.010595784376934444,0.011320761609798079,0.011493650954240176,3.9162651041821825,214353.8916816364,6.5724760666641835,0.4902245571180743,-1.429042675404406,-0.0002848223795784773
600,arc_fault_parallel,40.0,31.933502684143598,31.93593325588756,0.7983375671035899,63.48799054230529,1.988131122610667,3.991149269007242,0.030189170265805296,0.025858500383072556,0.0026158718753738204,0.0020945199241363256,4.419540206116736,192596.4347723337,5.9684735578491885,0.3882382146827493,-1.5217779114611165,-0.0003718177906730232
601,arc_fault_parallel,32.0,38.91479655666595,38.82432820014371,1.2160873923958109,81.23653314219462,2.0875487045605943,4.510591543013926,0.034756716410996064,0.028599012888747898,0.0005293365139266694,0.0008662940244531727,2.063195647247283,228547.25055883525,7.064384375719493,0.5060596284993853,-1.4839411740412294,0.0011190331785780301
602,arc_fault_parallel,6.0,7.507579656317274,7.437661952104819,1.251263276052879,13.732797347680755,1.8291910275365593,4.715704323168669,0.039920182250243436,0.02508721707896438,0.00016643456058514167,0.0003618187245414343,0.05086585930306305,38604.21543348659,1.287117528412937,0.12070624175715151,-1.5434682085496856,0.0018493388775034294
603,arc_fault_parallel,10.0,9.38572868440737,9.316229811342005,0.9385728684407371,15.2633378768459,1.6262283290350006,2.705341641306485,0.021676737283253807,0.01609560488340799,0.00019489636853745333,0.00024760983094682164,0.16050557018837508,46915.36852329582,1.594017475381822,0.1364230890909072,-1.4548620620253492,0.0007845309236648748
604,arc_fault_parallel,20.0,16.213726784644926,16.065889916559083,0.8106863392322463,30.175870850769492,1.8611310804549985,4.9977016433338965,0.04404584867136519,0.02358508026698252,0.0006949965722799938,0.00030626635821467106,1.056245515881625,77878.07398818064,2.7021201342573393,0.2543820616177569,-1.4317882701807587,0.0015323604714891797
605,arc_fault_parallel,25.0,25.01314180627165,24.972320270501925,1.000525672250866,46.21043537258368,1.8474462635937121,3.078257199444213,0.02169307956061435,0.02175434110407616,0.0004679196140009562,0.000516988395916809,1.0863744168950704,153561.39864430783,4.394000611301751,0.31293642046776743,-1.5126212819295994,0.0011528034593111885
606,arc_fault_parallel,10.0,8.43044926217116,8.379501302412063,0.843044926217116,14.835042027245391,1.7596976820740757,5.432954495603936,0.04807844772278664,0.025115670378511465,0.0006839380422956717,0.0012494866796704906,0.1995297028684408,40599.907158545284,1.639401889805603,0.11523865028964339,-1.4723614878512816,-0.0022089921559942634
607,arc_fault_parallel,16.0,14.117736510928767,14.058829336765362,0.8823585319330479,25.63323911320632,1.815676265918941,5.375034696397951,0.04843892582963688,0.023130969289287467,0.0009199186441153993,0.0007639852683306163,0.6201918654569725,79095.484519649,2.4947510436071316,0.18347462739374049,-1.5024460798621027,0.004030569573022164
608,arc_fault_parallel,20.0,25.384210380356606,25.335110729375177,1.2692105190178302,47.47544597084094,1.8702746808980595,5.173269365054232,0.050254864979031005,0.012235631130615118,0.00021601704692061392,5.893325689735417e-05,0.8225723982507398,127050.27074095378,4.430265517891809,0.3264072220507423,-1.5818878081971681,-0.001107488259045948
609,arc_fault_parallel,6.0,4.3460389311224334,4.318838010252816,0.7243398218537389,6.759681115965519,1.555365983034201,3.295533950397475,0.03057469130698153,0.012044652179685957,0.0012342936435396498,0.00038966040124176627,0.016194670522854292,18748.16237715474,0.7402927980752655,0.06015839258618483,-1.5432817878273053,-0.0001414417901966532
610,arc_fault_parallel,25.0,28.907838812369942,28.842501276345374,1.1563135524947976,53.069721309813765,1.8358245890477602,4.434390385284411,0.042609556113716245,0.011769787455931944,0.0013036850172775999,0.0007336734875157607,2.1229773217819368,235848.19379030893,5.7242956501527535,0.36614669990368953,-1.5566764732574694,-0.004819691533836607
611,arc_fault_parallel,63.0,79.3939226924978,79.26167706513374,1.2602209951190126,145.14947724586168,1.8282189910960165,4.617503763422142,0.039480320701300926,0.023914238994754637,0.0006286736130163579,0.00038327857563557455,12.020822587023083,474171.9762619506,14.818475517205606,1.0072774145132375,-1.546778558232259,-0.0005992297087486579
612,arc_fault_parallel,25.0,26.57094326787924,26.376745537913827,1.0628377307151695,46.467540492416845,1.7488103460309274,5.474037719578841,0.04979092295847203,0.022562703130034372,0.001080410429276772,0.00025543751663366224,1.3906301855877137,113190.73090659462,4.662865873015649,0.38081010498861717,-1.5339184422290162,-0.0001457367623651872
613,arc_fault_parallel,32.0,31.784874061891767,31.60386384047957,0.9932773144341177,49.421967057481496,1.554889503720913,4.675316026853321,0.042618764037187305,0.01916114616374517,0.0001871386921561832,0.000550621609003117,1.4555761677012995,122636.57484026848,5.689141276453625,0.4303581724166049,-1.5714303973940846,-4.057851455785176e-06
614,arc_fault_parallel,25.0,19.886679694474903,19.769424710595874,0.7954671877789962,34.28100957294784,1.7238176557320566,5.419886025331034,0.04819840134868589,0.024581544100919964,0.00045230556098475736,0.0011078701128502766,0.25130938795933927,69261.61838675704,3.4359483148708567,0.27854688872421896,-1.4638257784938742,0.0029621131673432826
615,arc_fault_parallel,10.0,9.574137400397403,9.511557954985324,0.9574137400397402,15.976281441916862,1.6686914728824582,3.833489544547207,0.023964029588705697,0.02984427572007315,0.0007175487268787393,0.001366934389868609,0.09637058056313058,47509.669427447945,1.5202743648375687,0.1391435428455823,-1.5365533645209934,0.000268583948515601
616,arc_fault_parallel,16.0,17.22366634318591,17.168918599387666,1.0764791464491195,30.744305605370386,1.7850035521472207,3.594529189129203,0.03269163350666059,0.014814905076123925,0.0005734010000253571,0.00028177092684907875,0.5405787458907382,97314.74420410307,2.5188551586882046,0.22831168391877554,-1.424047645491384,-0.0028421779229113524
617,arc_fault_parallel,20.0,16.290218700255362,16.211337872028437,0.8145109350127682,28.90330973365362,1.7742738918186693,2.736257256806851,0.024250288471720265,0.012472332367594574,0.00045382590817693246,0.0009646234337493078,0.4560776447336166,62565.35358946003,2.950941015227521,0.21241848069485916,-1.516612767461091,2.002052622973372e-05
618,arc_fault_parallel,40.0,41.9019259943074,41.77852907270402,1.0475481498576849,75.71348491826565,1.806921355518236,4.171661337037154,0.03091367091923581,0.02799310360824621,0.00048052857219086005,0.0004039249732947622,2.7149006288395734,187419.38542243908,7.17409342918203,0.5377066041070571,-1.4264834245766673,0.004262293653433685
619,arc_fault_parallel,63.0,55.051816204986814,54.67884842874085,0.8738383524601081,93.03486040399191,1.6899507921025592,4.3096456292834056,0.037328534068881106,0.021244454104511392,0.0009108675076274873,0.0016731300943933901,5.608654548530451,230157.39789183278,11.15477890190322,0.7875027218992253,-1.5396753160892742,-0.0002447365422336724
620,arc_fault_parallel,16.0,19.691334305079238,19.640472120993334,1.2307083940674524,34.99053326778338,1.7769508517754873,5.08003246133584,0.04812011381637572,0.0162206549449359,0.0006531288891057561,0.00046710038549045566,0.4567033999964698,87255.08925553405,3.8883746157025465,0.2518688288609239,-1.5596270326444266,0.0009620636013350841
621,arc_fault_parallel,10.0,7.164070121154972,7.128703698315067,0.7164070121154972,11.760428964560747,1.6415848482821909,3.979968211522251,0.035953774244974396,0.016930986513511086,0.0011010397866468974,0.0002764232030034192,0.05214856113590778,39061.00458116749,1.253221571861292,0.0958515052444684,-1.557427583236681,0.003324805711314591
622,arc_fault_parallel,20.0,24.09828330230974,23.935367427047648,1.2049141651154869,47.53098288578578,1.972380450820649,3.2685411577815087,0.024007724627456973,0.021955253150298885,0.001249841276305464,0.0024860086907645615,1.3576258675835327,138957.90929331287,4.652454728703818,0.3470207281019476,-1.511732816452219,-0.0004912713279343457
623,arc_fault_parallel,32.0,37.71625608315789,37.39569413534121,1.178633002598684,66.38102644589944,1.7600110227743877,3.6139183648718776,0.03421825977518517,0.01153669140435585,0.0005686411271769696,0.00042048807746813483,1.5698605982632294,126450.62248016435,5.905480146018352,0.572392862500661,-1.4298437484453037,-0.001140645817054382
624,arc_fault_parallel,63.0,64.97911103662804,64.85245519360414,1.0314144608988578,114.15158803810074,1.7567428395872935,3.784557260927246,0.033486836143337265,0.017577432840329626,0.00021354975029392432,0.0004437757832112328,3.625928718366678,274705.31677453243,11.74519924330263,0.8203030293451842,-1.5106187905659776,2.1702415904783575e-06
625,arc_fault_parallel,32.0,24.518448026770855,24.342866877087094,0.7662015008365892,42.866274365712584,1.748327394831844,2.7222477458683936,0.021654436138380185,0.016246877055811997,0.0011559020055418687,0.0008933990728839173,2.1513414509875246,146529.60286537628,3.947860719929366,0.3566381315834421,-1.4904451749140029,0.004870664785461496
626,arc_fault_parallel,32.0,24.502216988159528,24.339490225199587,0.7656942808799853,44.87838069104899,1.8316048997078285,3.2505151209058316,0.026572239802022404,0.01855328968932944,0.0002611705414789701,0.0012046973431443938,1.230651310218394,99555.39071287963,3.916898269850808,0.35083725835811574,-1.4569216274961785,0.0009359591265295992
627,arc_fault_parallel,6.0,6.195392535780145,6.164398029019046,1.032565422630024,10.04684456147523,1.621663922314881,4.865704875267584,0.0467836585066953,0.013325369559483687,0.0001152146316303934,0.00022315527414562867,0.04933676046733311,20672.012306926685,0.8632649349847589,0.08465342671349199,-1.3989614647315756,0.0004952345376951699
628,arc_fault_parallel,63.0,44.30255295075935,44.28664880015965,0.7032151262025294,86.46206390050588,1.9516271216842436,3.2587790909484977,0.023850112568677077,0.022137112641807767,0.00036802814283658263,0.0006716455264694996,1.9571624392472908,207085.64777719873,6.41335478592841,0.5436540255853668,-1.472534676416421,-0.004805908161753733
629,arc_fault_parallel,10.0,10.518971786490738,10.501950430810322,1.0518971786490738,17.678238438588956,1.6806051766021548,3.2881298059461526,0.024435795494111134,0.02187962411569816,0.0005950994074575301,0.0017159589479129457,0.1301266120387169,38513.54511787697,1.5854978271425173,0.13453323164076408,-1.4780818757520497,3.221367256102802e-05
630,arc_fault_parallel,63.0,50.735113595516964,50.46797229433167,0.8053192634209042,93.68320949730145,1.846516206553501,2.4850567432111714,0.021254681655784733,0.012600615334894524,0.001128977271797539,0.00046914133046188823,4.9189196521194525,225148.85426530775,8.937832806048277,0.6835067435832112,-1.5033356526503687,0.0002692548379774027
631,arc_fault_parallel,20.0,23.817941659856043,23.590787819416935,1.190897082992802,38.63477799818954,1.6220871873947216,4.356060614027657,0.035853645801316926,0.024603219428050112,0.0008809052610561622,0.0012085129606291675,0.3434823606964883,84732.69312161754,3.023911703471217,0.3749076710249207,-1.426963348095773,-0.001781251624788906
632,arc_fault_parallel,40.0,34.444648532018995,34.34270496764719,0.8611162133004748,63.202328521112236,1.8348954398685717,3.1409173274391224,0.021671970416268702,0.02259010480683568,0.0009687337813487634,0.0008408854273441391,3.129985419084374,195480.89681917083,5.503776759592832,0.4413192656744088,-1.5064347498794923,0.002027709019048658
633,arc_fault_parallel,10.0,8.964429313471774,8.952941485157202,0.8964429313471773,17.434899495435626,1.944897871779691,4.018459960246885,0.03873328723493342,0.01038278552945401,0.0013688755377865792,0.0012677484593242928,0.25532128568086876,54102.36134888599,1.4120977832154242,0.11309352997203606,-1.4466580282299202,-0.001425605760367622
634,arc_fault_parallel,63.0,70.25006711554664,69.82993648432468,1.1150804304055022,136.95304264127256,1.9495076412391747,3.936441431030597,0.03534632344380065,0.017273416632579773,0.00010805907012450503,0.0005190268499102376,16.94790067839069,533414.4363604035,10.741427646778194,0.9557637090286023,-1.422643610219205,0.0015688776237699096
635,arc_fault_parallel,25.0,19.64700916534873,19.563003560629788,0.7858803666139492,37.56225696672963,1.9118562346408439,5.391268968017393,0.04679384360441668,0.02672585149114274,0.0001964875717695162,0.0009255219505737474,0.7430879089843009,108399.12947038346,3.881153791164398,0.26109073116352544,-1.5670988639797079,-0.0013037205790205
636,arc_fault_parallel,6.0,6.447823776014862,6.441007875009098,1.074637296002477,10.78488405368402,1.6726393937951387,3.7616785347250783,0.035811642420094936,0.011440134973273527,0.00020053551941361529,0.0004213982935880657,0.051041390365872845,24938.359336510046,0.9673970948092424,0.08003909628502229,-1.417025535582061,0.00027675384696834607
637,arc_fault_parallel,10.0,12.107906368334598,12.049633089187756,1.2107906368334598,17.6740403645248,1.4597106903045942,3.391318001897651,0.028526005494449336,0.01827999785077629,0.0007608486292896422,0.0004874824176773848,0.1379875997233276,47808.63978480899,1.7420696828124005,0.16469230073425195,-1.4505165917723168,-0.0008562639828837013
638,arc_fault_parallel,16.0,12.461672852931361,12.39224159644269,0.7788545533082101,19.673298534477308,1.5787044616783412,5.218045668830927,0.04826087972978064,0.019801756302112294,0.0006133846640064874,0.0002585264291023498,0.1605218945481708,56598.90405619661,2.445757312676942,0.17252278795427858,-1.5834541215281563,0.0008790805824947391
639,arc_fault_parallel,32.0,31.628631776068588,31.330669196576903,0.9883947430021434,57.40610700964098,1.8150044369374712,4.205348620097307,0.033689056414933256,0.0249182776829841,0.0009015121677774213,0.00020716224176751263,1.7132690454745865,138726.93426079117,5.304289791894621,0.4963240780436109,-1.4244835991067228,0.0010418596129999776
640,arc_fault_parallel,40.0,46.40960693777442,46.3815591204432,1.1602401734443606,71.96268387956522,1.5505988657585819,4.142994754385843,0.034048196081081714,0.023527072305019905,0.000252165194687781,0.00028819761979988846,2.0356862103213067,148191.86459739594,7.102950017233044,0.578708857675104,-1.4280330216568453,-0.002010088339056908
641,arc_fault_parallel,16.0,17.288745913528277,17.201032839244757,1.0805466195955173,27.756732244899585,1.6054797948979473,4.108708478311431,0.03473898155621312,0.021562910057072168,0.002073562046832604,0.0019799954156603083,0.2674852881036486,60218.408815830386,3.3038184601002336,0.2382689384622007,-1.5583169397014103,-0.001589608790832423
642,arc_fault_parallel,6.0,6.6379971085972,6.574134983040054,1.1063328514328667,12.887346514666795,1.9414510584878533,3.4078385932454265,0.02081881321280853,0.026925251538933898,0.00019373652972431394,0.0005547243270963427,0.08045497659353942,37363.21346839119,1.1815031386598995,0.10503488140797994,-1.4774546107545574,7.020134213362383e-05
643,arc_fault_parallel,40.0,39.04093503964627,38.9163883981249,0.9760233759911567,66.781785076494,1.710558033688645,5.255056702509182,0.04360884528532671,0.029272374852122855,0.00025097214271832183,0.0004862988491837092,1.8815418854416068,190499.05732865987,5.279938528110567,0.5162367579528647,-1.4272085054791932,0.0007443442452759921
644,arc_fault_parallel,63.0,67.93776705603919,67.85905813012326,1.078377254857765,116.18204185224886,1.710124528448289,3.1550183107988623,0.021006228502323716,0.023482423012632703,0.0005858237063827569,0.0002490121688404173,2.0148462416327364,409672.2008121313,12.72602353243813,0.8809428776999012,-1.4804253619868577,-0.000868822754316171
645,arc_fault_parallel,32.0,31.578539113756133,31.405339538521655,0.9868293473048791,51.25155900041312,1.6229870170423466,3.9252537284735514,0.027027261302263756,0.02840480357621857,0.000603567931119889,0.000238622485607411,0.5024498371908435,114682.98523365229,6.031080625817932,0.4442545423201339,-1.5201248928682016,-0.0008107423799248367
646,arc_fault_parallel,20.0,16.671133021481026,16.589014203729416,0.8335566510740513,26.93872266264685,1.61589033128822,3.9562328325456884,0.03757457823495015,0.011952471779066253,0.0007523483903929826,0.0005876232870897564,0.3434491115482274,55518.945527320866,3.224536986375168,0.22154067965540125,-1.5588049556690016,0.00165299863213002
647,arc_fault_parallel,20.0,17.941460781896104,17.827507629607364,0.8970730390948052,32.5313807950197,1.813195769768781,4.115313648323478,0.03330293507454893,0.024020798000143576,0.0011975843828399427,0.0008622562222614077,0.7447301899833761,95742.31865904508,2.4998791774967017,0.2570116676234891,-1.4307111014717029,-0.0007831349158704412
648,arc_fault_parallel,16.0,11.608054256075555,11.55094130500205,0.7255033910047222,23.607307002446742,2.033700608183941,4.9563671130164435,0.039341073896213476,0.03009621919361132,0.000615109282527684,0.0006820741924498748,0.5074042044350432,117587.32923291367,1.5165587304486083,0.16020657984080805,-1.4139324481726394,0.004596239454153826
649,arc_fault_parallel,32.0,35.98892178629669,35.84209740550072,1.1246538058217717,59.86085819467665,1.6633134648620187,4.946861514130941,0.048053855486754234,0.011325948144939476,0.0012979988330695388,0.0020162759212154937,1.0585897212793072,167879.01907393042,5.326285044949378,0.4792382428365497,-1.3869023229008135,0.0009202400533517943
650,arc_fault_parallel,32.0,26.24804442690122,26.09021452179075,0.8202513883406631,53.61242252470537,2.042530165322194,4.368808635009263,0.03550374828058415,0.025235350733317938,0.0007434441780900421,0.0010542866338950987,1.5544090603092158,139214.99530575506,4.789470047217447,0.3669058231183606,-1.433984681994805,0.0023788124329327844
651,arc_fault_parallel,32.0,30.104503806104436,29.86292321633502,0.9407657439407636,49.390837276921,1.6406461170525963,4.602269835717802,0.03416593262678747,0.030682962347423074,0.0009256952484149885,0.0010644656795498408,2.8633935645909516,265433.7693191408,4.064865939098161,0.44633175179663187,-1.4279637303559582,-0.0012241471942285116
652,arc_fault_parallel,16.0,14.093071120374372,14.012788400576298,0.8808169450233982,24.036040738703086,1.7055218505389238,4.294456046221522,0.04034450204220795,0.014562328101275269,0.0008775044736523152,0.0005497814336100747,0.3652909910649771,78926.87533166274,2.6088643604608497,0.19680926148350078,-1.54546173240755,-0.0014319348228714285
653,arc_fault_parallel,16.0,20.481367790727408,20.40382487188983,1.280085486920463,36.947756392665326,1.8039691864519336,4.085192963180367,0.0349096197695288,0.02116504897156625,0.00032517292426011596,0.0007427224005104295,0.4104030502828816,77869.647872487,2.716920553179468,0.26998092982224137,-1.423368404945257,-0.002656724596511475
654,arc_fault_parallel,25.0,22.63585478411,22.51388891834991,0.9054341913644,39.26747165920826,1.7347465793533294,3.4956469949493316,0.019542038125205278,0.02891701280527035,0.0005384673586427337,0.00030844197482203506,1.0576753157272647,113400.053223077,4.2558189764113825,0.31089964561369043,-1.5231940533714643,-0.0007851986647666576
655,arc_fault_parallel,32.0,40.59209549418171,40.50669416007279,1.2685029841931785,63.94743652163642,1.575366724519728,4.734720248195342,0.040169566559565176,0.024977632686198823,0.0008548288262818043,0.0005700536150385203,2.535572598185933,206986.48158902544,7.34008673706578,0.5080741145890099,-1.5697268384284735,0.0013691108083223472
656,arc_fault_parallel,16.0,19.126268894117086,19.00294808634238,1.1953918058823179,33.73074284998221,1.7635819633694279,2.70989536848901,0.025046332153481173,0.010179255799910358,0.0006519923750754183,0.000325614737565405,0.3874204929760325,135559.56259505756,3.4015013215337078,0.26640064857818524,-1.4634336475865868,-0.0014367323855011983
657,arc_fault_parallel,32.0,36.549300385659535,36.35351776581598,1.1421656370518605,69.27703054524267,1.8954406736203557,5.1360368703478745,0.04509684321558455,0.024479985122383297,0.0006023299483396845,0.0007584420016009655,1.5799527636889132,162604.77176221285,6.428483209164239,0.5075716903039555,-1.4186240421197196,-0.0018914444826325346
658,arc_fault_parallel,10.0,7.664231737467921,7.63203367259353,0.7664231737467921,11.946676375083129,1.5587571961219517,5.029366246752161,0.0441285493305177,0.023871801829863922,0.001156388264191888,0.0006444491849948639,0.06059155432808651,21236.465280643886,1.5648635953911643,0.10096212918113928,-1.5796748516691463,0.0002095842036477252
659,arc_fault_parallel,6.0,5.05771588921578,5.012062915892495,0.84295264820263,8.806444149362814,1.741189964109886,5.120466146319596,0.04942970815887702,0.013213994274789066,0.0007536640000010224,0.00039725327427408475,0.04268521942176372,22848.558053793317,0.6785863637400887,0.07873434049815072,-1.3974231317833965,-0.006896689591794277
660,arc_fault_parallel,20.0,16.649258354954938,16.517251733007726,0.8324629177477469,31.27741744806355,1.8786072496062,4.908916174088941,0.0413408364531675,0.02640636076498584,0.0006198311827944647,0.0004684895827691284,0.6111948144523063,81386.62661560104,2.7578732300136397,0.25205802742948646,-1.554313857404745,0.00029225175428992446
661,arc_fault_parallel,6.0,7.042514558209607,6.980392063292294,1.173752426368268,12.040159363042756,1.709639257656578,5.435460889927774,0.04879257061953252,0.023908221126752827,0.00021671063527158596,0.0003763372227624397,0.05913953226359472,29956.54679505674,1.1726546305825825,0.10813001519116526,-1.557791305338416,0.00035721460099910656
662,arc_fault_parallel,63.0,63.17158736353297,62.64216909280185,1.0027236089449678,124.23845283234265,1.9666824598758623,3.1609545585562486,0.022080498110140307,0.022573835774075384,0.0002327820117699127,0.0003314868083260919,5.787791407623827,337204.1103053179,9.14445311870066,0.958135256573657,-1.4549585043947033,0.00037162921549261106
663,arc_fault_parallel,16.0,16.877185858286616,16.856424647422934,1.0548241161429135,29.279556110381964,1.7348600859467922,4.500324683900068,0.042102675462217264,0.01580143347762949,0.0008511559330350354,0.0005658383350977157,0.46986272738346063,77563.73815599627,2.351005133499104,0.21242701390994198,-1.4100716746106483,0.0018961354411297416
664,arc_fault_parallel,25.0,30.732900236318955,30.653360384599214,1.2293160094527582,49.53676661109959,1.6118480920634721,2.897881458131778,0.022171738114152788,0.018188918784670514,0.0015205464572930496,0.0022391107850318693,1.6668849298584774,122375.92366402395,5.438631826200965,0.39933817850838016,-1.5027879187345405,-0.0024252167516741192
665,arc_fault_parallel,40.0,28.785825433049908,28.677627276821116,0.7196456358262477,46.68152307769969,1.6216843663090337,3.0937292203916047,0.02231711621570627,0.021317005883078978,0.0010042382411354347,0.00033741658430192764,2.209643562345293,178009.03622647616,5.1233896493707825,0.38320490502085214,-1.4981015113880463,-0.0038471783814846543
666,arc_fault_parallel,25.0,23.81371538888795,23.647727955516206,0.952548615555518,44.09009757253002,1.8514581555489682,2.478650685889976,0.022509250767164646,0.010169724641450703,0.0007422307845041102,0.0007423808366340252,0.8703004404667629,141746.6164941853,4.002692499085201,0.34088971538924084,-1.5276648790311402,0.0018270557111178926
667,arc_fault_parallel,20.0,19.918471789365253,19.853758591464555,0.9959235894682626,33.8961100454121,1.7017425032480635,5.154011056945348,0.04703621628619038,0.021016169707164536,0.00022210206259156548,0.0006433460506526731,0.6106960451435814,93693.04956136279,3.1480238074836766,0.26314200821254063,-1.443570882449681,8.777255242905503e-05
668,arc_fault_parallel,16.0,19.04298391083261,18.946691219828637,1.1901864944270382,33.25086593477193,1.74609536450383,5.100288238311891,0.04718962605314776,0.019270727986703866,0.0002503523304687287,0.0004970931862518094,0.6661002644237515,106701.92397114137,3.6259786721856893,0.2620649760282975,-1.5408648549920996,-0.001782048446427807
669,arc_fault_parallel,40.0,46.9208385523427,46.65199541251961,1.1730209638085676,70.67463797281209,1.5062526619694683,4.069996976612487,0.038870186605618744,0.01159732784474016,0.0020688071657622487,0.0013524696343307793,3.5643878773322832,190317.4999857987,7.233047816918282,0.6486903044092577,-1.4430137049474276,0.003580227200817633
670,arc_fault_parallel,20.0,20.14398648834635,19.94711921286299,1.0071993244173174,34.5368248982789,1.714498017388195,3.0264846078075776,0.02134325771725906,0.021401968894475033,0.0009234766006319526,0.0006985844087758105,0.1261953964480953,78580.90566163257,3.273324684270791,0.3248220133676256,-1.4565178804438206,0.0005600814632237284
671,arc_fault_parallel,25.0,31.100375085728828,30.880811958892174,1.244015003429153,51.35253107401273,1.6511868725315122,5.466451864647959,0.04961806860822261,0.022865622373512032,0.0012782903033222712,0.0002277781598036102,1.2759735796321325,168729.52356139934,3.972160293552228,0.4470111205922665,-1.3991971898824593,-0.00023360006542941887
672,arc_fault_parallel,63.0,76.20218520296365,75.80419812090877,1.2095584952851373,144.13131746021952,1.8914328647457546,3.6879370985561115,0.025256611286099018,0.026831368734415183,0.0005521058209036913,0.0008582118892418943,5.900044710914257,365110.59654585575,13.189945057930592,1.0658460952529527,-1.4854717645735414,0.003545496819651674
673,arc_fault_parallel,32.0,26.135308848692635,25.97729803484071,0.8167284015216448,45.11767899785084,1.7263113000626142,3.187214222928913,0.02418743802155891,0.020666364353778506,0.0010180048894819053,0.0007558911361746867,1.2429691346938951,234812.8095991153,4.456293897411815,0.3620859893787843,-1.5246356301301007,-0.0004494738874325282
674,arc_fault_parallel,40.0,44.806754681367245,44.615166870635186,1.1201688670341812,73.75055758514102,1.6459696335508986,4.165493096895824,0.029646842091724582,0.029161146192978972,0.00038948218282737446,0.001455558445248899,2.9415841954470414,235365.26926539943,8.144374816808563,0.5875794740829665,-1.5360695866899385,0.001864342815504192
675,arc_fault_parallel,20.0,19.672774499375585,19.589661723468346,0.9836387249687792,31.45695886333098,1.5990097819059743,3.164239771136867,0.027507562847018285,0.015365893324312688,0.0009704797786167613,0.0021101863976136156,0.7331286945406448,109876.97689714486,3.4477304766428754,0.26104340020427,-1.5391472912454094,-0.0028726832811955894
676,arc_fault_parallel,6.0,7.32734071456041,7.2644691862671325,1.2212234524267351,12.667287771148617,1.7287701313313089,4.903573090168226,0.04297554822749201,0.023549628738469056,0.000344878765156831,0.0010003013522666784,0.09372162169269443,25487.265497907247,1.089647684463952,0.11107602414504668,-1.4367938851478232,-0.004802009158738952
677,arc_fault_parallel,63.0,51.18057938653188,51.04777659820125,0.8123901489925696,88.14926458317417,1.7223186145612148,4.520005861392994,0.042376540031781824,0.01567539644285386,0.00037964243041628174,0.0005380140561314593,7.8334742439523986,295559.601165186,9.392209523694993,0.6553823034663719,-1.5460175224471646,0.0033116974198720834
678,arc_fault_parallel,63.0,77.68582470964182,77.13087257361063,1.2331083287244733,149.7767950419978,1.9279810132656099,4.08215891697514,0.031014439740945504,0.026505281758216676,0.00041230099949938684,0.0007359370569695114,9.321546545892431,376692.72387013683,12.770761781272062,1.1270000448973692,-1.543091771781933,-0.0005927858358743463
679,arc_fault_parallel,32.0,25.120687927532874,25.099439595238106,0.7850214977354023,43.81680165229693,1.744251661298193,3.7949407719342685,0.029282528363465177,0.023964614750780332,0.0009849311986623612,0.0014634264564130943,1.8485230488116673,141964.89983868183,4.1129239376900175,0.318816593310739,-1.538790564968069,-0.0027589751373750214
680,arc_fault_parallel,32.0,26.871383560381165,26.782347514908526,0.8397307362619114,46.76582482116319,1.7403579058122556,3.011739375614246,0.022905732100032966,0.019495462332138676,0.0003806036734562435,0.0007049266730890966,1.868467970539228,201076.05649569188,5.079221906010492,0.34342485936809575,-1.5289544426233552,0.001679511924029212
681,arc_fault_parallel,32.0,39.497166027483395,39.366035718433025,1.234286438358856,66.81929298324205,1.691749046882384,3.8084531779538287,0.026361853573672753,0.027346304458424866,0.0007638904379784334,0.0003664073051820623,1.6808166544890444,200058.29295968948,6.316526590970263,0.5121688333910887,-1.4849998944377896,0.0003906142352139379
682,arc_fault_parallel,10.0,12.411294640401769,12.368907640771136,1.2411294640401769,18.46595784465806,1.487834942138837,4.393959223928978,0.040346428584957524,0.017344226639815483,0.00024801057087517814,0.0001530050349938575,0.1283045532245604,67164.63119798775,2.4746066379805693,0.1648842377818027,-1.540143039555918,-0.0009010004881810065
683,arc_fault_parallel,40.0,37.86038110474787,37.71414275167455,0.9465095276186968,67.49481330594158,1.7827293686617085,5.404531361552826,0.04880235043968148,0.023154938513179686,0.0008427173044749201,0.00033846200639526397,2.4649045446703077,167993.89450618043,6.2557243809903476,0.5048976786913932,-1.4417345695025883,0.002111242678963671
684,arc_fault_parallel,6.0,7.289955275794562,7.283083579436778,1.2149925459657605,11.827839823037316,1.6224845522287057,3.7122668216824493,0.03279305294965786,0.017292319128298973,0.0006806917031087062,0.00037110158739501434,0.06573505424395427,34794.46024031711,1.3519623440442743,0.09147936342067224,-1.5081811786607153,0.0016554231576030407
685,arc_fault_parallel,32.0,28.888010073024226,28.861684915273326,0.9027503147820071,48.126832020974476,1.6659794806790649,2.939744722503916,0.026116153909013586,0.0130938330173276,0.0014418316248898957,0.0006273752786595472,1.942688169276817,130174.91292981431,4.7701393922176205,0.36718201064686096,-1.436947323154303,0.0006972567129157083
686,arc_fault_parallel,6.0,5.166391563230214,5.156422825849003,0.8610652605383691,10.240582032391314,1.98215367632847,3.050731365135665,0.026247499693313518,0.015037956501555382,0.000725997457907142,0.002511607930383663,0.026859308736307937,34845.58832686152,0.8644361247126624,0.0649065844815272,-1.473429825490268,0.006274538759278416
687,arc_fault_parallel,63.0,44.494244506397855,44.371196166698,0.7062578493079025,81.06954110545412,1.8220230954134993,4.150907312739366,0.0402183057504493,0.00991260960519326,0.0012495808351378286,0.0012130267267006325,4.614439585588711,237850.05419699757,6.418199358115286,0.5734890340659964,-1.4262552646639823,-0.0015199977092594668
688,arc_fault_parallel,25.0,20.42190076701392,20.38211862210723,0.8168760306805568,34.15078443122922,1.6722627741252347,5.231408632232955,0.043038950438448846,0.02958610882969481,0.0012338652011153084,0.0012544563417770866,0.6107300845811492,67287.10899973683,3.5633509185575853,0.2651604276282404,-1.4457262343105848,-0.0023581408330530505
689,arc_fault_parallel,16.0,12.2336744473308,12.12962628496858,0.764604652958175,20.639430993647615,1.687099904515092,4.999610643882893,0.04575599051735566,0.02001034947214886,0.0007944176060209903,0.0009770380843569595,0.2156342415521129,59540.23542143791,1.839897023980288,0.18661699422480268,-1.4510110403803476,0.0033275392528859167
690,arc_fault_parallel,63.0,56.6850757794943,56.226574744720985,0.8997631076110206,108.07156316300099,1.9065258654940198,4.882258893682337,0.04534285794427004,0.017999511110607973,0.0009754312703902502,0.0012500787753594504,10.550363686188662,343369.1893041279,11.191182561670313,0.856243607618823,-1.5521523947842146,-0.00028438008792752305
691,arc_fault_parallel,32.0,32.23258955022271,31.9234598124023,1.0072684234444598,52.130595208280695,1.6173256922295025,3.241656252710759,0.02182335828270401,0.02386924160600712,0.0004994785789212131,0.0008497795170299972,2.1243088106236008,158455.44362063776,5.550872389103146,0.5084696371232926,-1.445825811906569,0.0009350409307024441
692,arc_fault_parallel,40.0,51.86844036310401,51.5388561942106,1.2967110090776002,98.95466685542748,1.9078010859935148,5.424022695858354,0.05123845306447195,0.017485216866105414,0.0019595175011004337,0.001037151784575232,6.28848775648334,238620.0250527704,7.66292229058584,0.7253710175951894,-1.3916805510462278,0.0031950753673354922
693,arc_fault_parallel,16.0,19.59455185378036,19.438533541117973,1.2246594908612725,32.899541821165606,1.6790147621130367,3.785637094026098,0.024823914841425713,0.028494400155311985,0.0011763897827039352,0.0003790717310712902,0.44775184131285756,80308.4756142363,3.3240056300112526,0.2900016580309144,-1.458452763672598,0.002236533161365395
694,arc_fault_parallel,63.0,69.2016172107032,69.23183006014179,1.0984383684238603,119.10729599059273,1.721163475504003,3.5665901522530867,0.03134101732234839,0.01682976687239552,0.0010503370835983762,0.0016895255166435232,3.4370145666441245,287935.6475925828,10.936137362435378,0.8536847003129829,-1.427963082303833,0.001549476866296954
695,arc_fault_parallel,32.0,38.78241700059287,38.42573162424691,1.2119505312685273,68.29309336841753,1.7609292728097015,5.323530499934574,0.050176756857245285,0.0176289935528324,0.001399713096893016,0.0012806190470914481,4.352605378330627,181491.29512237085,7.7822144570064795,0.5941302094787655,-1.5792127082562537,-0.0044074348779037185
696,arc_fault_parallel,25.0,27.65551545932075,27.596421381868485,1.10622061837283,43.61426337263044,1.5770547988956052,4.416671366701301,0.03412251171795845,0.027969409627683513,0.0004150982805068334,0.0007586683414719531,1.4715554358960918,151373.58022042393,5.15413709606656,0.35380525059566004,-1.4900032596228203,0.000278950322589654
697,arc_fault_parallel,20.0,17.816472078421178,17.702056269529535,0.8908236039210589,27.93422566121036,1.5678876006813738,4.489001710079958,0.03526983979615903,0.02771659175127285,0.001093527505122442,0.0010427402060371924,0.3080093813207035,49476.9766059144,3.3566688364786113,0.24991631970625025,-1.4630512753274294,0.0007304468364871853
698,arc_fault_parallel,32.0,37.55113111194388,37.416640106121385,1.1734728472482463,74.03637668013424,1.9716150881701109,3.551619920809885,0.02178898819733595,0.027790489277284745,0.0018722981664591998,0.0009196624973882467,3.590963483462154,285953.4997351686,7.697247064965736,0.47858782946494377,-1.517800669256256,-0.005538733350492441
699,arc_fault_parallel,40.0,32.99667913307753,32.95805555137777,0.8249169783269382,53.53490024696701,1.6224329736163816,2.96258345927397,0.022603340517932637,0.018985206319127278,0.0012678184705184347,0.0006273401731247843,2.225863475965397,129152.77740974289,5.3200373917117725,0.41215631293646093,-1.465265001903909,-0.0022829724680017197
700,arc_fault_parallel,32.0,26.100060213460647,25.93296539585471,0.8156268816706452,44.810013594554874,1.716854797512231,3.520840442500975,0.033584997336083215,0.01042968995100643,0.00015300729088947582,0.0004223164853600733,1.5976627861480508,114070.82439765654,4.399743903875491,0.36467489745672327,-1.4866268156725864,-0.0017270264930954115
701,arc_fault_parallel,40.0,36.048161243219084,36.04472967024325,0.9012040310804771,69.43119225693316,1.9260675124745121,3.0902718787802996,0.023706038029632198,0.019764032567800148,0.0005008670394190436,0.0004378378111514826,2.5749179809807092,216432.33296169207,6.744835878504367,0.4577173989464842,-1.5002290656921429,0.0018469294653431145
702,arc_fault_parallel,16.0,19.5162294859822,19.487040845002088,1.2197643428738876,31.86235871290176,1.6326083239672255,4.908625501342558,0.04773731512147784,0.011381364974343035,0.00027433328760074533,0.0005021931045234592,0.35865637924030097,96687.95110425094,3.4024086626265997,0.24503590404408315,-1.5252679798756557,5.3742381147048854e-05
703,arc_fault_parallel,16.0,17.022760187921342,16.91519681343831,1.063922511745084,30.959383098356515,1.8187052366810248,3.111794554185505,0.02265803358978635,0.021152177193244387,0.0014346894374732552,0.0002479193050855028,0.4806996788458576,74022.95405505752,3.200918704139985,0.23879552682925825,-1.5331328704591445,-0.0016533035018014334
704,arc_fault_parallel,20.0,22.824596772432244,22.63215037301864,1.1412298386216122,41.31509713164005,1.810112903275062,4.382745722640554,0.03670721937049702,0.023834486484583032,0.0003460031914201072,0.001040437928494116,1.035825696489103,118677.05299333291,4.289477559063534,0.35170185564641776,-1.5542824314004993,-0.00166940640374432
705,arc_fault_parallel,40.0,49.62296910183114,49.26059759275406,1.2405742275457785,80.28276535379514,1.6178549330135663,4.370650889166891,0.03739198533514311,0.02232644529696639,0.0017124969220553075,0.0010655534337645997,4.70145009869097,262879.7964909483,7.195566594264412,0.7200449275628032,-1.4209151953675734,0.0018880146851163035
706,arc_fault_parallel,10.0,11.774132111706987,11.730107246733146,1.1774132111706987,21.926259851445845,1.8622400055951798,4.470955826852217,0.03732502289428754,0.024564079515921544,0.0005725077874885434,0.00035688879819553227,0.5324719458192655,63884.45160656202,1.789513936435239,0.15733595154379487,-1.421696767083468,-0.004087200391920967
707,arc_fault_parallel,32.0,22.588726594207415,22.40774097799401,0.7058977060689817,48.028681487205674,2.126223507322267,4.5673112947110805,0.040472834075954825,0.020958194657202965,2.39892242480159e-05,0.0004546597581373209,2.5971869119892537,152687.82842097885,3.780711087040578,0.33951929913860535,-1.3959459596914092,-0.002408747613362479
708,arc_fault_parallel,20.0,16.141057228853644,16.063342298601025,0.8070528614426822,28.434737749562217,1.7616403525892241,5.138758917609242,0.04327205883612185,0.027697876366295233,0.0006918185305111678,0.00027612248480995413,0.4870250005739215,61680.494261676664,1.9693070232258858,0.2157099468071428,-1.4072465797852858,-0.0009107124686414844
709,arc_fault_parallel,25.0,24.915978172220782,24.692494661531462,0.9966391268888313,44.26137921034971,1.77642550907036,4.500756102322305,0.03413266634109831,0.02927321716054688,0.0008508556360094833,0.001201372507802043,1.787220334239711,149948.74165599621,5.024617232537992,0.38349129031733326,-1.5595384249133828,-0.0018010740529517985
710,arc_fault_parallel,32.0,25.527415926648548,25.43920593562782,0.7977317477077671,46.766238701488106,1.832000498367559,4.03504021679512,0.03497678163127492,0.020036555416174728,0.0004233773548453005,0.000607882252560767,0.2337283125216339,111025.32071984056,4.502053896213117,0.33224089316119076,-1.5408012797648194,-0.0013880594752210577
711,arc_fault_parallel,16.0,19.500493273265864,19.469063671650005,1.2187808295791165,31.179621549150188,1.598914504911364,5.122766553954285,0.04779964344397724,0.017902586108944966,0.002002048225189286,0.0022976091227896586,0.6598041112350503,108804.13075931031,3.400076431297951,0.24985748552433706,-1.4293319742537698,0.0006493043116499205
712,arc_fault_parallel,25.0,23.19419565654324,23.048100982280822,0.9277678262617296,39.23058350559496,1.691396592700396,4.7714191179315675,0.04137354100037439,0.023658684612733013,0.0009284211237837888,0.0004669913986088787,1.0136969046032405,115442.8948261057,3.7069417771189555,0.3276973487234692,-1.4538400231330402,0.0003546450034443049
713,arc_fault_parallel,20.0,14.228594241495813,14.142527997339675,0.7114297120747907,23.672108614709533,1.6636997451237494,5.140084277628142,0.04642606890184665,0.022024808713513873,0.0006193676734121424,0.0005992723002958248,0.5805513240020099,93989.3060314418,2.113653152670922,0.19832469831771193,-1.4167744254257157,0.003498056864989026
714,arc_fault_parallel,6.0,5.973193717489605,5.974842643745092,0.9955322862482675,9.182012712861471,1.5372032359237222,2.522180628583,0.02261355668376885,0.011098882061382079,0.0005535295316951051,0.0006979816287799252,0.04515607016953562,28370.837464242155,0.8999103386577836,0.07333565655447152,-1.46404882138078,0.0011353038430854993
715,arc_fault_parallel,6.0,7.44447042987379,7.429391701559054,1.2407450716456316,12.828840363546975,1.7232710483129958,2.7665809525509757,0.023601738763420317,0.014254124795622328,0.0009148231641764841,0.0009411967143293032,0.10858193173232418,43534.98573933042,1.2461382142843291,0.09320125693984649,-1.448100980781385,-0.0017326533653756638
716,arc_fault_parallel,6.0,6.5241756123024555,6.5128784901478625,1.0873626020504092,10.742332653620858,1.6465425350779643,3.5379137472489677,0.022341910329763973,0.027395417286266953,0.0006428631651863658,0.00036124802815897157,0.04969474144977943,27187.294133925443,1.011852004747473,0.08120817405096828,-1.4506990438345846,-0.0015159319224161678
717,arc_fault_parallel,20.0,20.763308423538742,20.664483474330837,1.038165421176937,36.8976309016689,1.7770593273113497,2.6674241886679604,0.020483193887095776,0.017003190075425625,0.0007722608773318737,0.001016862486059401,0.6431864045040165,111814.49302835859,3.2896563920411523,0.27797511738561775,-1.461676020196752,2.5802038060382738e-05
718,arc_fault_parallel,32.0,30.331379691152872,30.165401444468944,0.9478556153485272,54.926940449954174,1.8108948886411684,3.9475072278266934,0.033621847604405425,0.020586375725885345,0.0008591959826018661,0.0009164339945105679,4.528779597810992,191112.25614915372,5.1677927459084625,0.41296368976049436,-1.5280896793918444,-0.0016474713405181629
719,arc_fault_parallel,63.0,57.47480216907681,57.42455474644132,0.9122984471282033,104.28104169165853,1.8143784363637274,4.299302207127065,0.03189992411692831,0.028676203551804773,0.0004117067407687593,0.0023500107065926776,11.68766852751477,354216.353878835,9.63434122205515,0.7352104380325628,-1.4288221227415614,-0.005044829061823096
720,arc_fault_parallel,10.0,7.474127378412917,7.408275971563343,0.7474127378412917,11.943607970446914,1.597993633791276,3.898754295578701,0.03526652456959394,0.016500903103352255,0.0011560821157910247,0.0005434953280264505,0.05330889220864176,58424.406854376364,1.1521571945178264,0.1158784067623505,-1.4670096282768468,-0.0030117022766060608
721,arc_fault_parallel,16.0,17.055744020273604,16.980727157118416,1.0659840012671002,29.950348175441956,1.7560270685397794,3.6146997554683553,0.023517585338344957,0.027353529979258412,0.00036935086300605405,0.0016849147523099988,0.423335151051388,94257.89018232736,2.697254827601789,0.22357280751983485,-1.4537988925792005,0.0005835852486085627
722,arc_fault_parallel,6.0,4.436703014904822,4.430183406275264,0.739450502484137,8.513708750021781,1.9189268967297541,2.8055573755503316,0.0242910054248142,0.013706702363285809,0.0008558432499376846,0.0013470858795855164,0.054746088212797736,32567.93422463579,0.7359880946299879,0.058333272261710756,-1.4556271610461953,-0.0012953101537131763
723,arc_fault_parallel,25.0,28.969402964372055,28.908453704895294,1.1587761185748822,48.41467990221425,1.671234990934597,5.240135782889835,0.04838766056790961,0.02004835332342412,0.0002258080418223596,0.0006643957246776464,0.7021802875937385,151981.684950743,5.240610407215639,0.36410004733229356,-1.5817045769162337,0.0020911297670825166
724,arc_fault_parallel,6.0,7.544288526580193,7.4997961993674656,1.2573814210966987,12.481381621676482,1.654414670919253,2.595932333247096,0.023797180057752537,0.010243404483300965,0.0005305667894015696,0.00035758023554851524,0.07176279484097356,24035.436087368205,1.2890112700919425,0.10428392395725956,-1.4897397160423347,-0.0026507795540489615
725,arc_fault_parallel,32.0,26.544394510110028,26.304470271123503,0.8295123284409384,40.87542084526177,1.539888989675525,3.1307593239068936,0.02855542481297328,0.01267603118972984,0.001292281579132417,0.0009418204016553078,0.741173587195106,99617.47536439988,4.066326681105039,0.40739130649786204,-1.4794829842629456,0.001040400925226438
726,arc_fault_parallel,20.0,16.81865972426578,16.732802427205087,0.8409329862132889,29.758304211405044,1.7693624044667915,3.6321577498337265,0.022782770695386978,0.02819576977571325,0.0011742305552887317,0.0014139889742425982,0.7539579714184275,77958.81645604147,2.6018634797179576,0.2270095767543154,-1.4569104058957776,0.00011744811820948798
727,arc_fault_parallel,25.0,17.93040636763557,17.809876444785576,0.7172162547054228,32.21058381769693,1.7964224098144643,4.437808236633768,0.03981513369312961,0.01946649770117789,0.0007429578994145732,0.001143116786514971,0.6497080468369523,77959.01637279903,2.973514483591351,0.25537531968947547,-1.4081343659580638,-0.001645761494504613
728,arc_fault_parallel,16.0,20.566314248928624,20.42099762634361,1.285394640558039,35.57280676153335,1.7296636786368664,3.9061247062778235,0.03551118864053369,0.016193084855223243,0.00062480539166094,0.00033736672870998176,0.5657262402834216,74069.10947239299,3.7257212783948273,0.29945492608675545,-1.5418093194618416,0.0020853740812197693
729,arc_fault_parallel,63.0,67.80694673405281,67.4228975480504,1.076300741810362,121.78354311581748,1.7960334299031555,5.195084476478079,0.04437875280581718,0.02687672960351941,0.0014230849933870196,0.0011218956449758318,3.0647951312156128,242388.34521047102,12.943910985640542,0.9252712402155283,-1.4977278049681388,-0.002960083246998283
730,arc_fault_parallel,16.0,18.067957979526383,17.990321959487332,1.129247373720399,30.152675426338735,1.6688479937155731,4.056746406968856,0.030178088943592273,0.027067796035919578,0.0008096049326401849,0.00021266661697263452,0.27054575719338636,62919.70988889297,2.4186482889717187,0.2391984726861251,-1.4435038613500122,0.00015755701773975358
731,arc_fault_parallel,63.0,71.75801167258524,71.67790277365064,1.1390160582950037,130.5387645907941,1.8191524757485242,5.252765900043807,0.0438821121814163,0.028832710049010123,0.00034748839025502574,0.0009143451412719284,13.291332093304227,730714.2140291444,15.89246031812796,0.9125376605608618,-1.5171394119803883,-0.0014013731817609978
732,arc_fault_parallel,32.0,27.881226447878543,27.86105677844537,0.8712883264962045,50.666706120218066,1.8172337652763484,3.6917010791455436,0.03491407716084328,0.011800590823976314,0.00065225078849016,0.00045536694614849914,0.9200252615634048,152889.6745141624,4.485330817731059,0.3479820706689351,-1.4256604287549282,0.003800479583296451
733,arc_fault_parallel,32.0,26.30995147339657,26.099839326664085,0.8221859835436428,49.22384152430025,1.8709210304778496,5.338102327850887,0.049040032016198526,0.02093259435989816,0.00015707459843876447,0.000173143215763045,2.059083459329488,141276.09838259197,4.340034377731625,0.3939545838096419,-1.40364966612622,0.0029598353441639344
734,arc_fault_parallel,6.0,6.501242980171153,6.469030205498109,1.083540496695192,10.426933195943851,1.603836870294227,3.873854029499465,0.030928662529947252,0.02307308236101714,0.00028806024848990143,0.0005086175084974756,0.0290378745527385,29531.240967800073,0.8661974595368633,0.08927762232933274,-1.4339762031586896,0.0031203181442061314
735,arc_fault_parallel,40.0,37.77037358352041,37.58967152728025,0.9442593395880102,72.56187534528742,1.9211320529544818,3.4470668120614403,0.026151113934599093,0.02242187204163693,0.0002808673449053588,0.0007213034431082471,3.0538671800824257,194430.6701654584,5.876486753831693,0.5028516862515859,-1.4609132115281298,0.0014727609698039412
736,arc_fault_parallel,32.0,37.31436570081695,37.162948781016716,1.1660739281505297,66.9121469464963,1.7932007066982827,5.174201951211024,0.047993923485581826,0.019210495957869698,0.001716399224573691,0.00011230667649615612,2.2761362906645264,248757.64058044573,6.753947768992504,0.48067958684697626,-1.5024571108047111,-0.003395961033556185
737,arc_fault_parallel,25.0,21.69202804540294,21.650342617589235,0.8676811218161176,41.78157029394997,1.9261255888371562,3.613629685130597,0.02684941611687888,0.02414074357523311,0.0007174519480734778,0.0003940068293881875,4.641652885336857,283573.03376501426,4.403486861655059,0.269662117949766,-1.4824097266318876,0.0007012531825895726
738,arc_fault_parallel,6.0,7.177528004196996,7.168664065649967,1.196254667366166,13.732066469046439,1.9132027710798942,3.488618336319763,0.026360649233707897,0.022691891044227034,0.0012263553629217774,0.0008530039826141002,0.14278042448199127,40282.494553808465,1.061298774508945,0.08788313511766895,-1.4457296056069295,-0.003091276108906863
739,arc_fault_parallel,40.0,31.737811310560513,31.575717116691145,0.7934452827640128,66.4452743888811,2.0935682595314433,3.390171574176996,0.025069881928699647,0.022759734488145587,0.0005535650500448287,0.0005811828721606488,3.4834130582373293,232497.7569147916,5.192407924548789,0.42954077376581984,-1.5289885717155185,-0.0025448085649877883
740,arc_fault_parallel,10.0,9.783056329147023,9.699123853845046,0.9783056329147023,17.489004895580212,1.7876831437315646,5.307100760045446,0.04916107136375515,0.019919247348668956,0.0002482421101526841,0.00022664248203334826,0.18393842143767558,61066.58778331175,1.3157272829607007,0.148100071672449,-1.39371945228575,-0.0007788872801713385
741,arc_fault_parallel,20.0,23.56729757268454,23.33528453742774,1.1783648786342271,38.912536936170596,1.6511242671973,4.19697824665774,0.034657159277196904,0.023566964687117494,0.0009735276823375534,0.000793370024653386,0.9183531689397968,99569.79127033535,4.413400741871924,0.3816078760082616,-1.5453959838461937,-0.001722979682023417
742,arc_fault_parallel,40.0,38.93866086495764,38.7111712909714,0.973466521623941,78.75012569973848,2.02241484294562,4.1315805399063725,0.04014524568826976,0.009479767689216347,0.0008136172265870997,0.0013771055296067968,3.053048089486862,290132.9639951662,6.190090096469796,0.5412385622757283,-1.4071950078496676,0.0006780207423561688
743,arc_fault_parallel,40.0,49.83703225237547,49.7947809781123,1.2459258063093868,81.20474156629697,1.6294056426443202,3.5264231338960568,0.03264100556284448,0.013134309875269277,0.0007794414348322922,0.0013651311282747618,4.873383114362666,271610.555810634,8.150535229170085,0.6362725082813351,-1.4303164036522178,-0.0006950455585781943
744,arc_fault_parallel,10.0,10.00181044543715,9.993451720043026,1.000181044543715,18.300460349568528,1.8297147748973315,4.721724620186787,0.04130835467030104,0.022813036458106114,0.0006415814041854168,0.0012745240172377338,0.28271515352914933,46672.00393582985,1.8553769627310615,0.12500673097784276,-1.476537477977101,0.0008194656180498285
745,arc_fault_parallel,63.0,52.24482614142371,51.8982692056478,0.8292829546257732,95.97723548911308,1.8370667982982893,4.442993698290591,0.03626675877049732,0.025470017726244115,0.0015519973288805663,0.0015062240500423741,3.263328007007554,244495.73048966957,10.59967986973519,0.7421848551209198,-1.5513807422654018,0.002501501952151509
746,arc_fault_parallel,16.0,12.750378959307573,12.623850206293733,0.7968986849567233,20.798421366535315,1.6312002514812785,5.49595016232622,0.0482707952732753,0.026200121472264918,0.00012874808095812902,0.0013835423843671175,0.11200329043177179,53001.578554695625,1.9795697337591982,0.20514957327584393,-1.4822252640485671,0.0013609273391535588
747,arc_fault_parallel,16.0,17.453150282815105,17.377041682723185,1.090821892675944,28.63951149507698,1.640936508845361,2.7900300389348285,0.024246076237184905,0.013729050642923069,0.00040068003253498354,0.0004316985416571879,0.112175164254648,52821.35104566535,3.1712279917449817,0.23075233324894684,-1.5452183218097724,-0.0010070781855920424
748,arc_fault_parallel,10.0,8.872270945236103,8.822318119735156,0.8872270945236103,17.066532221806394,1.9235810453970137,3.313328381443674,0.03043765531354158,0.0130195605445965,0.00015640409055418718,0.0003938685714793946,0.05671784498093729,52588.06372751916,1.3282291717745212,0.1224548115114814,-1.4411551421945052,-0.004960374632645938
749,arc_fault_parallel,10.0,8.875623799491434,8.815621505085113,0.8875623799491434,14.310162190081003,1.612299316842233,2.3371073124779076,0.020373868476936112,0.011295262709030333,0.0003493269242022255,0.0002187644203075918,0.11432230622371997,38286.36169924586,1.5070476889385847,0.12786512061518188,-1.5276257505472552,-0.0003016735057245952
750,ground_fault_leakage,63.0,40.88722900838798,40.69373249026083,0.6490036350537776,58.445552950162856,1.4294329639395071,1.942963337112857,0.019415231708695982,7.586818473262709e-05,0.0001865790093950303,0.00019000958634532545,0.03993203475499374,26085.433804773562,6.485630196459092,0.3281525347723338,-1.507339048697644,6.786718345462688e-05
751,ground_fault_leakage,40.0,31.5629811938596,31.509918822224375,0.78907452984649,44.82507256148539,1.4201786670514407,2.5999225930194845,0.025988907999401685,0.00014425777173473082,0.0003836239741309086,0.00017548558275122338,0.024153910346636415,19112.69200553029,5.139130103709504,0.209091944416886,-1.51794573716738,-0.00014351647665590358
752,ground_fault_leakage,16.0,10.657689736689322,10.365937011353717,0.6661056085430827,15.281457463022695,1.4338433412057503,1.169670692839006,0.011660384376828712,0.00047041285061218894,0.0005144001699214697,9.271359887500504e-05,0.002923483358294267,6391.31386779733,1.717103335714623,0.30049123306303305,-1.500393430551771,0.00011664241792985095
753,ground_fault_leakage,25.0,10.115404071572105,9.829790218846087,0.40461616286288415,14.381917978973146,1.4217838334278394,1.164115249316336,0.011602955082936553,9.03849509333728e-05,0.0004617235731132461,0.00030298533476348855,0.002456588239110634,5979.7276466594185,1.6159150336088317,0.33888353710604757,-1.5104170044797995,0.0005782267175719548
754,ground_fault_leakage,20.0,6.289504221660968,5.816476850732893,0.3144752110830484,9.067047856674678,1.4416156720280546,2.424937946532196,0.024226978885525646,0.00018138539521677215,0.0002445866281923743,0.0006073256990288731,0.001005570666081672,3744.9404254424385,0.9863988231352403,0.4937738904117211,-1.4934735560828953,-0.000486904049089861
755,ground_fault_leakage,20.0,14.090327812268185,13.946538659075138,0.7045163906134093,20.662818202962132,1.4664540439935647,2.0486924134762954,0.020471567055166957,0.0002104786009768215,0.00010716896744171332,0.000193165622654466,0.0049386894820006196,8302.55996036569,2.1107060474917474,0.19242322087807467,-1.4577434556050453,-0.0005150562694113958
756,ground_fault_leakage,20.0,14.65619488688591,14.595793776212272,0.7328097443442955,21.20424122966235,1.446776696943948,2.5970126917280583,0.02596057526322982,0.0002235085891985517,0.0003052287070704555,0.000322388394736925,0.0056841781706742575,9014.030999569315,2.2485073652098304,0.11163274236472152,-1.478725111860834,-0.000746611729715182
757,ground_fault_leakage,40.0,18.26980837508911,18.20733189939715,0.45674520937722773,26.292074034812693,1.4390996059500463,2.0901732501121297,0.020885270586449844,0.0003578770885130485,0.0005073001000026693,9.878684992063798e-05,0.007929812552277805,11121.12093553368,2.82899063093508,0.12973033236332573,-1.490777716149581,0.00016149328411156245
758,ground_fault_leakage,6.0,3.099524016925965,3.00673448787507,0.5165873361543275,4.394789217282344,1.4178916478353671,1.1998260266676726,0.01197955617640495,0.00031590372294123766,0.000263620960889319,0.0002328571927455782,0.0002556610964983367,2083.542559190716,0.5087692201750255,0.10110931505777242,-1.518941277224554,-0.0007467594469833289
759,ground_fault_leakage,32.0,12.429332249230644,12.385606417044896,0.3884166327884576,18.156573061714948,1.4607842719288502,2.105347528127212,0.021044737654117664,0.00010423114855731974,1.6366045958308237e-05,0.00043975666513991864,0.003748749261194181,7352.5024365573245,1.8593593304998943,0.09119989329477336,-1.4565494031278856,0.00020335705126442344
760,ground_fault_leakage,10.0,3.6567006798774204,3.406882841142622,0.36567006798774204,5.367031167923924,1.4677250440514897,2.881877708505738,0.028808632765304685,0.00012397618203746077,0.00021355634291426095,0.0004198031014631493,0.00033212178649711337,2200.808410394515,0.5286011318895432,0.26756507934739115,-1.4459167679912965,-6.552869135092749e-05
761,ground_fault_leakage,16.0,5.47786412374272,5.430639134472626,0.34236650773392,7.917653132575365,1.4453905668839924,0.9909753678438857,0.009880491640561276,0.00035392391753789426,0.0001761822745340585,0.0004918858016842544,0.0007870026993324613,3216.62899550895,0.8472351006987154,0.06710762101476436,-1.4794628563516024,0.000444738264032605
762,ground_fault_leakage,16.0,5.824248174199261,5.7721885590004165,0.3640155108874538,8.38736803591282,1.4400773771330355,1.2433617876896406,0.012415363699550574,0.00016569211224805403,0.0001993235645938861,0.00032734825578576614,0.0008390558007198541,3470.0686937807777,0.8988725408832638,0.0750479416628845,-1.4904276823437597,-4.8634306225215435e-05
763,ground_fault_leakage,16.0,9.60599856521828,9.281250321473866,0.6003749103261425,13.366631869421866,1.3914880142111121,2.96815082696419,0.029673065458558915,0.00019676519326451055,0.0002818288923148061,0.0004518123921188822,0.002366357526783776,6166.598852667123,1.6454810494619454,0.33794477594768524,-1.554575286177969,-0.0004729213381751253
764,ground_fault_leakage,16.0,7.637819383645586,7.4922694414341695,0.4773637114778491,10.904669392527564,1.4277202488513112,2.278901804516007,0.02276788516791858,0.000371858994444757,0.0003465113804916607,0.0003418971328185989,0.0013240764755095826,4537.795146344734,1.2171875386154427,0.17025346294245958,-1.5081449152354598,-0.00016756863903805448
765,ground_fault_leakage,63.0,32.29063645039243,32.16124211956425,0.5125497849268639,46.815776905945356,1.4498251521433416,1.9927942653066324,0.019914852992412045,0.00011163721539738396,8.063839262832125e-05,0.00047563036279125884,0.025663957504165013,18585.046271854502,5.023453034199105,0.2438645854589502,-1.472284060823448,0.00044368595002423867
766,ground_fault_leakage,25.0,13.79310995973965,13.70956512022535,0.551724398389586,20.1467474041672,1.4606384971563613,2.4416126046453908,0.02441221152596839,0.00017115812840693898,9.330839779064066e-05,0.00024130695032995402,0.004890522619196963,7886.839918766604,2.149797770800241,0.135269306613229,-1.4636151001699895,-0.0005011784178769527
767,ground_fault_leakage,40.0,27.947406051679163,27.58890385362472,0.6986851512919791,40.32112720161616,1.4427502547325244,1.0867077650380619,0.010851655654854781,0.0002203322764645019,0.00012909274899801807,0.00016716283233657054,0.019473670225442528,16690.574960291153,4.455980307861745,0.4134603324405134,-1.4921563519196588,0.00046196142167472237
768,ground_fault_leakage,16.0,7.30701791030906,6.913634539286364,0.45668861939431626,10.25000279927875,1.4027614169954117,2.0584550312704235,0.020574020807525295,0.0002867229146506322,0.00017749876760163332,0.00033931742855658465,0.0012114892982613406,4569.464425818721,1.236292058651048,0.4214511977469479,-1.5360459841762981,1.42899408661819e-05
769,ground_fault_leakage,16.0,10.177120403405878,10.112858059790755,0.6360700252128674,14.245062613675472,1.3997144622076496,2.4538459633835106,0.02452003204261122,0.0005471421463966714,0.0001269365550939148,0.0005725805125843506,0.0025675737209002467,6296.6825959364805,1.7402682939815441,0.09758586646059052,-1.5433871460208026,-4.817991230432439e-05
770,ground_fault_leakage,10.0,6.0463454885276775,5.863442572212284,0.6046345488527678,8.660379264434,1.432332849559102,1.2203979755321293,0.01218925260195452,0.0002022812575740284,0.0004106427949256824,0.00024127717156231153,0.0008798088946525692,3706.2136864890044,0.9479910586528119,0.22374775729098267,-1.4963752600064306,-0.00046818880355492824
771,ground_fault_leakage,20.0,9.697913085935186,9.647560844202584,0.4848956542967593,14.081767366032283,1.452040994778859,1.9837004500834827,0.01982572676375428,0.0002490346855652559,0.00020013280475438008,0.00027453315998108533,0.0024161509366672786,5698.698726680141,1.4757130431415457,0.08009977442886662,-1.4783813602442364,0.00037498872589019326
772,ground_fault_leakage,63.0,19.029136881371585,18.932600540724387,0.30204979176780294,27.319012900592643,1.4356411995701561,1.185583458430172,0.011831356100476764,0.0003061778983971786,0.00036819841117860096,0.00024268030021921602,0.008767232597287854,11679.728658672122,2.9766557135225593,0.15573544747083448,-1.4948904499355096,0.00024897786215024583
773,ground_fault_leakage,20.0,10.307863013447205,10.268552759119459,0.5153931506723602,14.634934475279348,1.4197835627779922,1.4930876273865339,0.014916246588786453,0.00039209323974813453,0.0001303096291523246,0.00014586985212945757,0.002899474798814571,6528.648347287397,1.7043373114643883,0.07834735649949524,-1.5185432664143166,-0.00030223212056066593
774,ground_fault_leakage,20.0,7.752779480117153,7.5954377954116765,0.3876389740058576,11.312890220705969,1.4592044373582278,2.024990613947678,0.020236659631359614,6.0029370635702465e-05,0.0002447370030274521,0.00025696524109969994,0.0015009868473424117,4496.8592018868685,1.1535184018464715,0.18264475894516705,-1.4588365948569135,-0.00035583159687302933
775,ground_fault_leakage,32.0,12.270391535742306,12.16979552752993,0.38344973549194705,17.81735953809251,1.4520612064203846,1.1231284199479683,0.011188513606152209,0.0003229689577772021,0.0004292072720911533,0.00033671207863259016,0.003777021538566012,7553.6312781605175,1.902040261536641,0.1307512514932325,-1.4789081433712963,-0.0004257852824760287
776,ground_fault_leakage,10.0,3.9086885943071334,3.8516250272852437,0.39086885943071337,5.525083859951558,1.4135390234425707,2.825059443455327,0.0282443934447353,0.00030517911911952765,0.0002512237604877633,0.0001456424440972977,0.00039847452030490746,2455.8643112725786,0.6744046018134601,0.062326264101387134,-1.532348463840093,0.00017777811568508493
777,ground_fault_leakage,6.0,3.472065081612642,3.0588435848910684,0.5786775136021071,5.035437912067921,1.4502717524750082,1.3711583080919802,0.013683649183478665,0.0003012993742921254,0.00045924133905329227,7.190934223086845e-05,0.00029922464987266085,2157.701038661796,0.5310074436768083,0.49892377580484054,-1.4818360814490676,-0.0002971566613558962
778,ground_fault_leakage,32.0,16.106655745622984,16.060439562645367,0.5033329920507182,23.324459399982704,1.4481255306442522,1.1458574721978485,0.011426459946660762,8.384471291354548e-05,0.0005248144667582386,0.00028381477233053304,0.006999044759375697,9239.797209212356,2.477256096931454,0.11622400203799571,-1.4766160026419788,-0.0002488355110894261
779,ground_fault_leakage,6.0,4.6456035268718185,4.295114313753154,0.7742672544786364,6.589898866461354,1.4185237347364057,1.3114986261581247,0.013093832175547854,0.000175938359089908,0.00015799515707899678,0.0004587923432180172,0.0005485014662235926,2886.9625588108606,0.7694126847199851,0.41198396478855714,-1.5230073442007215,-2.3475856695555148e-05
780,ground_fault_leakage,16.0,10.566424378912354,10.465954020665793,0.6604015236820221,15.116421012286297,1.4306089239633288,2.011037139759641,0.020101506870461333,0.00016921738468431312,0.0002066091376836956,0.00014898264990489962,0.002589835336261895,6459.0969622533985,1.6535885182824483,0.1333055709214589,-1.4940771753101154,-1.2214166263787747e-05
781,ground_fault_leakage,10.0,3.246278549657559,2.890591551369578,0.32462785496575586,4.645090693191696,1.430897139819008,1.5949369336230264,0.015936350399218525,0.00015912959201737833,0.00015629968506376636,0.00021128218264404236,0.0002758869800267667,1964.8762222028492,0.5143085678663935,0.35675194890777545,-1.5021206254078063,0.00017438558727362414
782,ground_fault_leakage,25.0,9.647569250459078,9.362414890533865,0.38590277001836315,13.852530180310088,1.4358570349951165,2.969667446616719,0.029687496921073652,0.00025926447412703195,7.126765680554746e-05,0.00018355196002298844,0.0022489855344846633,5871.006424429915,1.5220996691615325,0.2999908970050604,-1.4941833629284995,-0.0006278066157950925
783,ground_fault_leakage,20.0,8.676861054702327,8.369208528768606,0.43384305273511636,12.420102387028722,1.4314050100947948,1.1253335236143607,0.011232725910115747,0.00032238325235849254,0.0003934857655715789,2.4151600655985948e-05,0.001784266903173792,5372.097535821673,1.3708214143234647,0.3799699094990492,-1.5078482744684807,0.0002298094931695262
784,ground_fault_leakage,32.0,15.676388697834154,15.426886216809454,0.4898871468073173,22.171369341963263,1.414316126494882,2.6976845963643625,0.026962110432086097,0.000343592713504593,0.00023105371789240841,0.00038967550762360377,0.0064791369153761064,9553.731085750604,2.703821957557761,0.29579530391301284,-1.5327973747632933,0.0009041007167926612
785,ground_fault_leakage,16.0,5.377753359257603,5.19584798973005,0.33610958495360016,7.617698258489937,1.4165205706133457,1.4266121334191084,0.014243352018602431,0.00021783294116517905,0.0005170237660729621,0.00023492919645395796,0.0007502630241023223,3549.9297924565344,0.879744922741955,0.20005654967643205,-1.5240602354697381,-0.00035045018233415595
786,ground_fault_leakage,6.0,2.174970152235123,2.1052601849653203,0.3624950253725205,3.149985987653303,1.4482892939785446,2.4047088206728033,0.024035985867583175,0.00032496195919902204,0.00018124411373455877,0.00019486312930474235,0.00012710981796454915,1280.7303281273175,0.3560980534484408,0.07110943651613415,-1.4884753475274897,-4.119128484736117e-05
787,ground_fault_leakage,20.0,14.958825316516558,14.906756951018624,0.7479412658258279,21.446400460712116,1.433695494498402,2.584516814498613,0.02583839961353948,0.00021516866672515334,0.00014014808427186562,0.00022545684976489483,0.00540363340991354,9644.490610515131,2.375339806615072,0.11128372650907621,-1.5028169653577979,-0.00024336562659160897
788,ground_fault_leakage,25.0,8.522162798381904,8.267803743845537,0.3408865119352762,12.162402097869634,1.4271497018047754,1.0330239825909149,0.010309968975997607,7.60021526142171e-05,0.00037623390564743103,0.0001531315681507467,0.001833391212611895,5056.691447208119,1.356722318655978,0.26042719928501595,-1.50481589153806,0.0005617540110856501
789,ground_fault_leakage,32.0,13.476433872494527,13.08152849923847,0.42113855851545395,19.072575929336836,1.4152539246193914,1.7847092729466218,0.01784067214311834,0.00023218776231375283,7.963961536715086e-05,0.00012392187143100375,0.004369129017675883,8459.67955700642,2.213627586071455,0.41310373460926875,-1.5265150678644546,-0.00021666689109678513
790,ground_fault_leakage,16.0,9.824132084971009,9.709182328964316,0.614008255310688,14.053220537485489,1.430479600081281,2.7441396016154576,0.027431648196445953,6.900581945671766e-05,5.127363655661167e-05,7.193356656618568e-05,0.0021416857317421785,6173.199173191013,1.667502832018927,0.1318479217657362,-1.510909623079787,0.0008352867170382214
791,ground_fault_leakage,40.0,26.765131019764784,26.71642715098495,0.6691282754941196,37.70975098105717,1.4089133713487667,1.5796459988454032,0.01578378728486644,0.0002757273312762426,0.00023709222458788282,0.00013847351683170345,0.017842248635296855,16128.347734080535,4.4481332127408235,0.17874846482122003,-1.53033037894517,-0.00026325546083529256
792,ground_fault_leakage,63.0,34.111431104681635,34.05690710613672,0.541451287375899,49.95048355311426,1.464332686551942,2.0283198147930865,0.020270697938230987,0.0003699907603092547,5.939399687354923e-05,0.0004287596809113318,0.031184194035433294,20170.00231622788,5.083471573813807,0.2177324480611158,-1.4583309935268305,8.510621950752395e-05
793,ground_fault_leakage,25.0,19.719703517618925,19.590308984684256,0.788788140704757,28.61650515845454,1.451163052803276,1.397887014025118,0.013965595922287972,0.00022261756541807546,0.00029508162787764803,0.0001634933655223687,0.010167658892466692,11579.626886111742,3.0396930347622027,0.1793308226535094,-1.4736758669882715,-0.00031800999264618884
794,ground_fault_leakage,63.0,47.89694884920394,47.79103991757742,0.7602690293524434,67.82806210235596,1.4161249042081134,1.1348529787786925,0.01133198157332162,0.00021138638826695885,0.0001378659967311605,0.0003478024709544219,0.05747861428243507,29743.636437594803,7.84129078182785,0.3285842970895237,-1.5213409632909052,0.0005048963830319282
795,ground_fault_leakage,25.0,15.754762278035308,15.534854942855857,0.6301904911214123,22.38709024014584,1.4209728997267133,2.3748035472099875,0.023738948002199466,0.0002671463125462139,0.00013613798142487712,0.0003575382741826043,0.006411954238195348,10167.139443709832,2.551342609900853,0.2458734013304296,-1.5177962319884073,0.0003311744639009996
796,ground_fault_leakage,10.0,5.994619498712623,5.627433945844221,0.5994619498712623,8.43435182406488,1.4069870196881078,2.356281879489793,0.023551342358460986,0.00023506025398922198,6.63578442018617e-05,0.0002505354292899263,0.000892065087281635,3694.4346106556745,1.0069224740969382,0.39411497742993845,-1.542659084780196,5.0416931477763696e-05
797,ground_fault_leakage,40.0,19.178804474373734,19.13142520170376,0.47947011185934335,26.98445782991488,1.406993739602689,2.464929415817382,0.024641847354388253,8.78501582880133e-05,0.00010163577106405928,0.0002835047142951682,0.008661184272890438,12415.518723689082,3.1950553611629586,0.13318254403625396,-1.541755533501481,-0.0006470170973773973
798,ground_fault_leakage,63.0,23.840746548999313,23.449445806607077,0.3784245483968145,33.884232442484745,1.4212739677183357,1.16276961886098,0.011605245251394638,0.00027715678067067706,0.000194439491001623,0.00043563951392453025,0.013561494985933883,14730.152146311886,3.832916116663018,0.4327798420139211,-1.5144219134969537,-5.301772567993348e-05
799,ground_fault_leakage,25.0,18.512782238117815,18.47290303949382,0.7405112895247126,25.884125885186005,1.3981758954897887,2.669949301974779,0.02668234016695417,0.00048308964705364463,0.0003230638388665742,0.0005148787961951512,0.008603326799836195,12260.583825794183,3.1903604148389197,0.12156109867381497,-1.547178965775309,0.00012112269156509894
800,ground_fault_leakage,63.0,22.3779249202773,22.262710151680047,0.3552051574647191,31.858349285070126,1.423650736033111,1.0871043828550317,0.010848337978643948,0.0001913689262458864,0.00027308676298485213,0.0002114348521811082,0.01388163722404019,13481.602319620679,3.611765291674651,0.18301715341070107,-1.5161889061429896,-0.0002864668532133004
801,ground_fault_leakage,40.0,21.9734290505586,21.906891413648584,0.549335726263965,31.28990878169038,1.4239884320408767,1.831396698791912,0.018302415224176666,0.00011460347663124803,0.00021472898299603664,0.00019978480625017304,0.011785222047437632,13636.921126482475,3.652951252630677,0.15258080071183858,-1.512545151468297,0.000330461871256536
802,ground_fault_leakage,40.0,27.679482103716307,27.331165235206782,0.6919870525929077,40.38567628211779,1.4590473958050132,2.0366965080883754,0.020355630374803594,0.0002921710641912956,0.00034836538209216634,0.00013138646257071133,0.019250409084524224,16757.700388073503,4.219449813714762,0.43496309299816505,-1.4637058416335726,0.00018078455019212008
803,ground_fault_leakage,16.0,7.48406931160535,7.409193162449937,0.4677543319753344,10.899269938421558,1.4563293688453707,2.8755329698742518,0.028735948258097492,0.00060813934103355,0.00019117906951202852,0.00041318182874965114,0.0013946381881626891,4609.443657057765,1.1450099299348713,0.09636133792247978,-1.477864265755396,0.00012169437476008866
804,ground_fault_leakage,25.0,17.31969880759108,17.106858224624656,0.6927879523036432,24.644370331938134,1.4229098672151157,2.409062459366855,0.024078669303826294,4.7160164373606105e-05,0.00041203621072685134,0.0003080815350879088,0.007372173551006937,10406.537404187626,2.934340260282237,0.24702668235881756,-1.5216874476103035,-0.00010608882446608472
805,ground_fault_leakage,32.0,18.114624380925463,18.016557314271534,0.5660820119039207,25.42506638635856,1.4035657516435924,2.6159375400544858,0.026153178428479255,0.0002335899678486032,0.00030357814334871624,0.00019048930945188514,0.007913151863918468,11375.922812728892,3.0129790716236475,0.14866073192186538,-1.5399392581281852,0.00031893745203508
806,ground_fault_leakage,32.0,23.51872379620172,23.139080734211902,0.7349601186313037,34.56434754354815,1.4696523434515887,2.9172240126059803,0.029166036964281196,4.403699744568326e-05,4.7357911104662053e-05,0.00036337519560460156,0.013412351498633242,13904.152379052563,3.5844349494372465,0.40948392836106073,-1.4502426934941957,-0.00048445840900322154
807,ground_fault_leakage,63.0,36.71573733646492,36.474401177541566,0.5827894815311891,52.74380314761395,1.4365448435048565,1.0487659986703064,0.01046905756559484,0.00012321760699251038,0.00038574306124907317,0.00021216402158385646,0.03270630649966812,23044.41525974749,5.6910818769622535,0.3401902814918844,-1.4915889430247071,2.0911071937536982e-05
808,ground_fault_leakage,40.0,12.985793818333605,12.880815088947665,0.3246448454583401,18.498429049203942,1.4245127642226212,2.485403203017904,0.02483819551634061,0.00037744059971968796,0.00018312289049533974,0.0004080595891236255,0.00461755011646494,8369.043444004454,2.1860332275139123,0.1376361799877181,-1.5116476240671812,9.873706292767349e-05
809,ground_fault_leakage,10.0,4.162942915614212,3.7879104050758032,0.4162942915614212,6.047528691152873,1.45270516850407,2.8304212150106727,0.02829763320296274,0.0004051757444467118,6.714215162269224e-05,0.0002893561296061727,0.0004520885635448983,2736.3420730074017,0.6373842832510681,0.3772592611437667,-1.4782307378954893,5.746380208621809e-05
810,ground_fault_leakage,25.0,10.806509847582165,10.479925504578324,0.4322603939032866,15.346084591897931,1.4200777870860284,1.6484336479392927,0.01647285373112625,0.0002821258746721575,0.00030724834880482577,0.0002653344345429495,0.002873787062237912,6914.254521736085,1.7447534418161532,0.33416742581862297,-1.5149057833021848,0.00014026144498758132
811,ground_fault_leakage,10.0,3.302398763728516,2.9826625775924684,0.3302398763728516,4.787655756075405,1.4497509529164898,1.680450730212809,0.016781531790957104,0.0004939332025314407,0.0001946577583232765,0.00017482309267265623,0.0002897137399571364,1935.0230334540563,0.5014855891066758,0.3216112346939783,-1.4740135027402446,0.0010261922412927393
812,ground_fault_leakage,32.0,15.107842129440277,14.78163092650611,0.47212006654500865,21.598827300981753,1.4296434338205726,1.90416907111328,0.01903143750889123,0.00020513141719181622,0.00029861581215466336,0.0004436897815862268,0.005784835049152065,9055.689670561094,2.492366597666555,0.39258651329785754,-1.5075909632050528,-0.00042863110148442233
813,ground_fault_leakage,10.0,3.976797234499891,3.936394968510571,0.3976797234499891,5.656551629734418,1.4223887452042494,1.1244490276475372,0.011232088835724746,7.915548174098354e-05,5.0957848236579155e-05,0.00015715062927825916,0.0003897813277682052,2556.2836814305256,0.6421647550949058,0.047861959328427475,-1.517247834050097,1.6067141861966907e-05
814,ground_fault_leakage,25.0,13.102499761301463,12.697019468232568,0.5240999904520585,18.665158281875065,1.4245494081654932,1.1618195675707985,0.011588303339219274,0.00014833214830192525,0.0003237646960868152,0.00034886074575242194,0.004136403675000854,7985.995725339425,2.097018500731821,0.4277049799404174,-1.511064542125584,0.0006421317667343717
815,ground_fault_leakage,16.0,8.606875761382524,8.206229742153054,0.5379297350864077,12.275258883108194,1.4262154145129895,2.2176279807450934,0.02216454796673821,0.0003722689723194782,0.0001862888008785518,0.00018964686016393942,0.002055231148584675,5357.117835309378,1.3716940601799616,0.4088252799444462,-1.507812808174068,0.0004363858818344156
816,ground_fault_leakage,25.0,8.12434398339801,7.714105364847849,0.3249737593359204,11.542394324898801,1.4207170876891495,1.0868815874381217,0.010834084297704839,0.0004970509746495859,0.0003989294431254512,0.00032328861007973583,0.0016009998234695305,5019.93249898953,1.3370983994837717,0.43551159805525264,-1.520187660166067,6.975180828336499e-05
817,ground_fault_leakage,32.0,21.76454149204194,21.457309626251,0.6801419216263106,30.66486242826633,1.4089367532998476,1.5171560204480863,0.015163164589263211,0.00017010494122458788,1.5228066588951357e-05,7.304563953782426e-05,0.011410145262854516,13536.90989695227,3.606571510742436,0.3955154980019178,-1.5297820939615645,0.0005175930380141713
818,ground_fault_leakage,16.0,11.542834402115455,11.086276945130527,0.7214271501322159,16.52771243794107,1.4318590963654627,2.9074178288821093,0.029061209164037535,0.00015061070722085308,0.000307718382915314,5.583032517003151e-05,0.003377432600621303,7662.309802161094,1.8669797507567132,0.49057734483040516,-1.5099419044099116,-0.0002919110805183754
819,ground_fault_leakage,20.0,9.563426174461911,9.461831650625012,0.47817130872309555,13.652946488869855,1.4276208378019315,1.9122608468324,0.01910923782497963,0.00035302320332307354,0.00015905645553783944,0.0002136809796009996,0.0025711659762509033,6433.404060122655,1.5174813230226532,0.12317218030594658,-1.5081427841391057,0.0002315191705300758
820,ground_fault_leakage,63.0,37.12777192518397,36.701684571923586,0.5893297130981583,53.99344304073165,1.454260254239855,2.2829162613492806,0.02281829247026626,0.00015069720626634023,0.00026442304553216225,0.00036250908530522145,0.03343883189243496,21145.169182588874,5.895306276600577,0.5122818126841069,-1.4782504613828678,0.00010046848576732373
821,ground_fault_leakage,16.0,11.048474341454641,10.82385893927784,0.6905296463409151,15.819355012718539,1.4318135266813636,2.61453688622171,0.026139732380497507,0.00017570002277986197,0.0002241593600215658,0.0001794497245877002,0.0028841844316047425,6655.197775255395,1.7759511931014673,0.2402843311529067,-1.507067091037095,0.00039229642941511836
822,ground_fault_leakage,6.0,2.076673890537401,1.7245128916600194,0.34611231508956686,2.927169745452766,1.4095471404447264,2.5066827941953447,0.0250614781749324,0.00015425893468149895,3.528073138996277e-05,0.0001321068030268734,0.00011230893237894582,1377.888328388215,0.35709908286280284,0.38230910407555885,-1.5422603387962752,-0.0001494402202844298
823,ground_fault_leakage,16.0,8.480200107192806,8.444799378535848,0.5300125066995504,12.33721204790188,1.4548255808235913,1.4121907258152258,0.014097592490785177,0.00021605430540481133,0.0002114071335323988,0.00023344238085171512,0.0016570071497956412,5319.115430898926,1.28622872676012,0.06563968779093114,-1.4733803191724593,-0.0006552408301625908
824,ground_fault_leakage,25.0,14.487472158311931,14.074415032764293,0.5794988863324773,20.94560411966059,1.4457735545118993,1.0792258983926428,0.010774665127750962,0.00020178578250227446,0.00031085237335701227,0.0002947433648080685,0.005373866045541719,8373.581604605,2.231968428664348,0.49270320781440685,-1.4822558625028857,8.405331475583273e-06
825,ground_fault_leakage,16.0,11.797793241903255,11.749760169018213,0.7373620776189534,17.015890046432318,1.4422943084434805,1.253841963337552,0.012512418883979894,9.034588247316119e-05,0.00039281423548022105,0.00025027848587784045,0.0036516741758080354,6968.35798863731,1.8942823555813952,0.09099494546979037,-1.4961386432310346,0.00031533499852953056
826,ground_fault_leakage,10.0,5.365887233124523,5.186906500203065,0.5365887233124523,7.7619666701821775,1.4465392826035766,1.1114283443291937,0.01109517072251369,0.00016125066224109108,0.00016825119597944034,0.00024356708359820045,0.0006921020187932357,3242.1434409382,0.834087733721501,0.19551416218520778,-1.4824926219946029,-7.933885868222697e-05
827,ground_fault_leakage,63.0,43.12559809393659,43.09029227746668,0.6845333030783586,62.861109860371606,1.4576287086381807,2.0975484009351453,0.020958331153494554,0.0001306790169224714,0.0001936122275913906,0.0003936136149944644,0.04762082100300328,25433.978150966315,6.469700912456663,0.27674879777458233,-1.457655531457748,-0.00010129109612420045
828,ground_fault_leakage,16.0,10.567737331088718,10.47422533369581,0.6604835831930449,14.941974275199572,1.413923700566305,1.5967011122685262,0.015955556551619687,0.00018744118408728813,0.0003323113706617403,0.00037065029841407945,0.002816161342430978,7084.451649201893,1.766496606125233,0.11536672690063175,-1.5308540522366385,-0.0001105667202374536
829,ground_fault_leakage,40.0,31.5897095274499,31.52611645603806,0.7897427381862475,45.24570191436561,1.4322924328765048,2.512393321417364,0.02511830499192059,0.00018630116609259033,0.00010235864182564302,0.00011435195381233325,0.024142885892789324,19601.10295243543,5.281945482064693,0.20801418544696232,-1.5057032148871323,0.000310225322425045
830,ground_fault_leakage,32.0,15.168158797240388,15.121057639137419,0.4740049624137621,21.51474912848026,1.4184153406263207,1.1566390645118783,0.01154293730083932,0.00027156960411211573,0.00038706541115684855,0.0002191522106381476,0.005155046174806857,9510.620639080422,2.482023688910908,0.10721833633407406,-1.522766120688475,0.00027357357964464965
831,ground_fault_leakage,16.0,6.680451572931248,6.60795586129689,0.417528223308203,9.655860201510011,1.445390344447602,1.554193479071673,0.015531334936603148,0.00022650398432547318,0.00020863472944104126,0.00018875948273125114,0.0010541812950308873,3993.485429307291,1.030006755506303,0.09638500486170228,-1.4860345947228022,9.104281377208905e-05
832,ground_fault_leakage,63.0,42.939362115087285,42.72102524285961,0.6815771764299569,62.95675163684824,1.466178083098757,2.6000210347685933,0.02598709784698188,0.0001437517040360696,0.00019141852617738687,0.0005128531757296244,0.04545263701318048,24906.69922939623,6.3234095977884595,0.3437750257487796,-1.4509804444017749,-8.276030655035903e-05
833,ground_fault_leakage,10.0,5.72544930116847,5.6923341376377525,0.572544930116847,8.296505692659656,1.4490575769341663,2.7264537727247853,0.027255085174926086,0.00012180017781621169,0.00010638111458083712,0.0002186960630599325,0.0007966666756350838,3618.7691805719764,0.882831472821666,0.05000584223513364,-1.481494578540042,-0.000896723182863307
834,ground_fault_leakage,32.0,10.66497219914782,10.61648441395273,0.3332803812233694,15.471291133742561,1.4506639908098515,1.1408155350848408,0.01138778805880718,0.000374364410935365,6.200049874984988e-05,0.00028054290463166374,0.002845670367723108,6285.21084584248,1.6455595034754122,0.08322358976866565,-1.476764721142837,-0.00029765120401806195
835,ground_fault_leakage,25.0,15.488647178257832,15.097369512392062,0.6195458871303132,21.757858746501878,1.4047617261008878,2.077721677889223,0.02077088368825191,0.00012256277444489206,0.00013247045686280929,0.0003166141127948704,0.0059601515567329795,9870.279745223419,2.598267626685021,0.441115937031002,-1.5396283172935326,1.702453832607621e-05
836,ground_fault_leakage,25.0,19.20772470210033,18.851897102843832,0.7683089880840132,27.374329138223302,1.4251729219028633,1.367851229931899,0.013653037771639004,0.00019226531009137272,0.00028343032990434347,0.00022817645245033064,0.008547327201652747,11725.210996697522,3.052251730253617,0.41072069569804964,-1.5053074019286754,-0.000571927239270358
837,ground_fault_leakage,63.0,42.6428036108915,42.5057405135454,0.6768698985855793,61.15123260649813,1.4340340556183628,2.5347356640189367,0.025341870136439598,0.00027730406972126584,9.50538338969763e-05,0.00020180725722198465,0.041790518311237965,26569.888516716765,7.190509603380017,0.3006239423229302,-1.507419829338845,4.522544188936227e-05
838,ground_fault_leakage,10.0,3.274294782676637,2.9560945141736075,0.3274294782676637,4.8177925524177905,1.4713985363920081,2.3767496467476064,0.023754056116445044,0.00019707827515929094,0.00024322014033453023,0.0005301182579205352,0.0002516322059798299,1906.042219505263,0.48130647259528764,0.3880577912689542,-1.4505075920652712,-0.000407193460903407
839,ground_fault_leakage,32.0,18.50087153134165,18.22650910166415,0.5781522353544266,26.736154996524316,1.445129487537192,1.198591185978244,0.011963324345645196,0.00020047431834079875,0.00024836907298954043,0.0002700635620892633,0.008591647320400311,10990.988688371477,2.9101675033141237,0.30350900181246804,-1.484493447197992,-0.0003346044975468344
840,ground_fault_leakage,20.0,7.709317028087441,7.665531460158517,0.38546585140437206,11.078522226772513,1.4370303082585627,1.263856613797607,0.012604634035601137,0.00023981282601618527,0.00022218960852980404,0.0004666228612171954,0.0014514199161642623,4775.412583921394,1.2481053213516018,0.06748297325728306,-1.499960231785763,4.771390963667749e-05
841,ground_fault_leakage,6.0,2.406010539396016,1.9547758345271318,0.4010017565660027,3.4625621005240435,1.439130062977249,2.0920747376192397,0.020909757641719116,0.000281451023202793,0.0002923868873979185,0.0002378183544138072,0.00014723124877497593,1426.069920006708,0.3786858958577402,0.48794632878159394,-1.4959035728770076,5.077426911735114e-05
842,ground_fault_leakage,25.0,16.9749348683481,16.825998546428302,0.6789973947339241,24.074994143721838,1.4182672469155935,2.2253323357381647,0.022241837600190613,0.00030472753117823846,0.0002389231316011202,0.00029081378264622616,0.006800530230377192,10976.89414954939,2.7666161317265194,0.1872231361583717,-1.523564742244658,0.0004919725894226996
843,ground_fault_leakage,10.0,6.791639085097847,6.602281049514443,0.6791639085097847,9.873129439837466,1.45371821362641,2.4525793546338113,0.02451415363790617,0.00017285357574735305,5.854484828196278e-05,0.00022020158946090926,0.0010893231169775133,4012.9872421944847,1.0704284236772694,0.22446226746928077,-1.4700848869423135,-0.00024283456067624156
844,ground_fault_leakage,6.0,3.8171633378318153,3.711515279478758,0.6361938896386359,5.46411350788085,1.4314591812969308,1.2374857415272735,0.012341190566758406,0.000360990336365381,0.00019763376288447286,0.0004014071701206416,0.00036176452326839556,2344.6904805828967,0.6185817766074574,0.10845255127925801,-1.4995277671759673,1.4833559591093144e-05
845,ground_fault_leakage,16.0,10.996174310673274,10.964614291462537,0.6872608944170796,15.955037856809078,1.4509626170505132,2.275500356766899,0.02274277865393074,0.00021708452358513522,0.00019759207708040091,0.0001943134412330048,0.0030934757889597535,6410.312413596595,1.684288187979615,0.07670442058792162,-1.4786145253774792,5.0383661499896985e-06
846,ground_fault_leakage,20.0,7.345326635585159,7.224099675609403,0.36726633177925794,10.659598086851819,1.4512081782393633,2.858445061314112,0.028574555883929178,0.00010965776956093011,7.931261059117112e-05,0.0005345206975707167,0.0013127185718105829,4501.015195931477,1.1814578785539258,0.1303087334265611,-1.4734147470411263,8.397983340683374e-05
847,ground_fault_leakage,40.0,14.077443165047123,13.933254060935512,0.3519360791261781,20.109399157220125,1.4284837750736765,2.2887295726881463,0.022879447536827635,0.00027027317446494484,0.0002613681789567631,0.00023417950923145645,0.004633273705484343,8728.958171693648,2.249783612216609,0.17769387342552867,-1.5116574936174159,0.00043150585298388914
848,ground_fault_leakage,40.0,25.999982568753843,25.643725080485954,0.6499995642188461,37.51018065269751,1.442700223050674,2.0714892272459644,0.02069839424329336,0.00019634088200279955,0.0003710099836133236,0.00010673226051381718,0.015596795834942712,15466.702792813658,4.209158774156356,0.3905759827171929,-1.487081754205913,-0.0004699488662092246
849,ground_fault_leakage,63.0,25.90396952288856,25.82522463660051,0.4111741194109295,36.16706600108293,1.396197828588772,2.5478210650259916,0.02546754525262515,0.00016854370499952474,0.00015263617760238684,0.00011817114673773438,0.016562785660580975,16633.409881542313,4.4250478792129,0.18331788020517456,-1.5489790198201117,0.0001447424461198293
850,ground_fault_leakage,20.0,11.494310205649503,11.256984705702916,0.5747155102824751,16.270622762049626,1.4155371196295892,1.2929067508031364,0.012908863220262572,0.0003297416092854421,0.00025492929055271214,0.00015931957080087594,0.0032075276719202798,7065.049793664125,1.898997764088177,0.2577829692484199,-1.5250808669490816,-0.00017455417518990164
851,ground_fault_leakage,16.0,12.770983981989733,12.650280027360056,0.7981864988743583,18.391745040187484,1.4401196544200747,1.1381258901046225,0.011335395577583588,0.00019675659475097048,0.00024947260112168144,0.00033845887030645676,0.00372484459153376,7262.089779075749,2.0118304242698986,0.15836588445293392,-1.4873382829563364,-0.00039418440236173026
852,ground_fault_leakage,6.0,4.799816577093652,4.745855450911837,0.7999694295156087,6.882737842927279,1.4339585129856989,2.7125746881554926,0.0271188688096128,0.00029213538110539204,0.0003141986228107095,0.00016973737494885478,0.0006154119588245492,3067.5169883245485,0.8088869968042927,0.06283095672948345,-1.5023428695970547,-0.0003821207416575264
853,ground_fault_leakage,6.0,3.914898177261421,3.86770134236067,0.6524830295435702,5.62173681631865,1.4359854484938928,2.1010749882900885,0.020988997929914387,5.9551246421283775e-05,0.00027899219952979816,0.00020446470468396503,0.00038987137191714164,2564.418542809265,0.619060651212297,0.05481411972489369,-1.5019161694077217,-2.8818014930151564e-05
854,ground_fault_leakage,20.0,8.314904859407852,8.23091508256948,0.4157452429703926,12.011696140090978,1.4445981453480872,1.3855162630583142,0.013844211825946475,6.32570157450832e-05,0.00030256533739662044,6.184699509778392e-05,0.0018564726507322277,4953.760905568511,1.2674754421946974,0.09929526825797902,-1.4759119633846982,0.0005216468373440669
855,ground_fault_leakage,16.0,6.372051763165132,6.093670690840467,0.39825323519782074,9.010630591503347,1.4140862197913928,2.9175894970777643,0.02916630647642355,0.0002724558850781305,9.11639052782671e-05,0.0004491751928905905,0.0009768688386027498,3827.863463306028,1.0565005246252164,0.29007781995595294,-1.5340857146427782,0.00037679978898296634
856,ground_fault_leakage,20.0,10.209535371395928,9.894034747506451,0.5104767685697964,14.386942169092633,1.4091671799278334,1.6400544427887385,0.016382602225602394,5.5339251003142296e-05,0.00039582474809086456,0.00042201914012574037,0.002624311119152154,6495.555720289006,1.7017765875383637,0.3309613778223504,-1.5313186723012844,8.038995972439598e-05
857,ground_fault_leakage,20.0,14.245158012420788,13.994772286557911,0.7122579006210394,20.532024906859615,1.4413336017414327,1.3768589078315567,0.013755548834131959,0.00028434703981804405,0.000150339164047384,0.00040930206938773493,0.004683852757919899,8285.17259667605,2.2853867105542194,0.2670420294429628,-1.4923022355488904,-0.0004076345122632573
858,ground_fault_leakage,40.0,15.37992125852449,15.273314030426615,0.38449803146311223,21.833673004900998,1.4196218976985868,2.011889976532155,0.020101691789427476,0.00036232039595656405,0.00029214631424632115,3.038350679912256e-05,0.006489798322188813,10070.085936005298,2.4911127399885324,0.15246026188137685,-1.5171054685333731,6.728983496071064e-05
859,ground_fault_leakage,20.0,15.91839059339947,15.875905811100436,0.7959195296699735,22.278573707592045,1.3995493812942537,2.3104986670716645,0.023097385916792963,7.417464914379836e-05,0.0002538182742628891,0.0001985446754021342,0.006012102143383296,10248.026868962708,2.6602329884269573,0.10950890640494489,-1.5422891359656625,0.00026701354414911506
860,ground_fault_leakage,6.0,2.9066792737195164,2.5893588860150647,0.4844465456199194,4.1095819190319895,1.4138408577700918,1.4178523107723384,0.014169386169828624,0.00022399425588224322,0.00016932505700630057,7.404575573549298e-05,0.00021419240414369817,1886.6006409876823,0.48082659352072027,0.32835018682645306,-1.5269276895669481,7.189264503126674e-05
861,ground_fault_leakage,10.0,6.653635205858734,6.497796133808891,0.6653635205858734,9.501092467895528,1.4279551211496482,1.7763735108052194,0.017751336364169402,9.729038067687094e-06,0.0002845919679324928,0.000309875599479259,0.0011106497389433967,4294.201338679702,1.102411297683077,0.16303629818385196,-1.5103583103011564,3.787944167339181e-05
862,ground_fault_leakage,63.0,43.04660527322573,42.576089829949694,0.6832794487813608,62.66646535073938,1.4557818195308678,1.857569430277686,0.018557501363422043,9.285138299222934e-05,0.000529119163061117,0.00022583845328781076,0.04182590667646051,24883.038986463416,6.720229225925514,0.5680078079095303,-1.4740709975696267,0.0005331111968281016
863,ground_fault_leakage,10.0,5.2706578500289485,5.234067080365535,0.5270657850028948,7.451017500047369,1.413678844395632,2.135725439554898,0.021344195059044092,5.529888767417144e-05,0.00023231457958048363,0.0001401819641087737,0.0007160109719545431,3378.3070086588036,0.8910131885130371,0.05148825658836429,-1.5316001418293235,0.0006752350441788655
864,ground_fault_leakage,6.0,4.633261595995363,4.570368661151533,0.7722102659992273,6.570788475499731,1.4181777432469689,1.81447725660994,0.018131831138567953,0.00011041881812116768,0.00014285601626775184,0.0001347344012668747,0.0005493282428271848,2906.8821804786467,0.7606352720694745,0.07347335575125498,-1.5262803398142526,0.0005025208955427451
865,ground_fault_leakage,6.0,2.466617967944366,2.4071468085283803,0.4111029946573943,3.477243904350005,1.4097213059054114,1.6605692741240439,0.016587854132374718,0.00028779967755400914,0.0003871989045110762,0.00017083256156384446,0.00015338065626785305,1481.2881932185026,0.41260425674125983,0.06207437307099178,-1.529172405742213,-1.889618858703122e-05
866,ground_fault_leakage,32.0,10.005723265753602,9.97170845214635,0.31267885205480006,14.429200831213274,1.4420947338367562,1.2646675835193677,0.01261988069556281,0.0002729813679355563,5.969338157627724e-05,0.0002310604553436897,0.002306017842342154,6532.905967569957,1.5349460879449597,0.07363338930639574,-1.4843110452062342,-0.00024657000750476595
867,ground_fault_leakage,40.0,27.845662998862963,27.789873237870548,0.696141574971574,40.5422903625207,1.4559642685728196,1.9727586777155361,0.019723191060566726,7.181436771168459e-05,0.00012055516810776836,0.00022964126659827294,0.019388528979536503,17173.740069069892,4.183230221317563,0.18431213898961749,-1.4668223945519194,0.00045589011834974426
868,ground_fault_leakage,10.0,7.72938725916376,7.57355558473096,0.772938725916376,11.067725023330205,1.4319019931077586,1.9862784876239468,0.01985177373187557,8.010059168883989e-05,0.00024712853632063693,6.61656902395456e-05,0.0014425537547748373,4831.097938693427,1.2801789591202863,0.16317475409919135,-1.5052722418169961,0.00018813072010611927
869,ground_fault_leakage,40.0,25.66754357660363,25.585760908251796,0.6416885894150908,37.37993660667244,1.4563114110883804,1.667997434402542,0.016660514652029786,0.0003506059261111686,0.0004870714741993711,0.0003868979306093182,0.015892321660675897,15019.183414234629,3.910351310165782,0.18578108937604335,-1.4658411845517885,-0.00012574428721099295
870,ground_fault_leakage,16.0,10.263230195414591,9.987038514695909,0.641451887213412,14.936612762009128,1.4553520164857219,1.8872048781170907,0.018856977325056753,0.00041523445224320285,0.00018090282611892168,0.0002024069100116929,0.0027213104693295533,6115.260388305306,1.5518844735797597,0.302607956932017,-1.4707889243784706,-6.270707679392478e-05
871,ground_fault_leakage,63.0,48.914609434227366,48.53965320769684,0.7764223719718629,69.29372847713043,1.4166264287337111,2.584129990884307,0.025832153220724866,0.00031222165924919696,0.00023424323547741166,0.0004489073884803748,0.05760914493983668,31751.797572016596,7.984663483345588,0.4902103080287654,-1.52554169847884,0.00015232848438896524
872,ground_fault_leakage,10.0,5.607638257110807,5.187055432449437,0.5607638257110807,8.222067044859074,1.466226362402531,2.330278547728421,0.023295035901573873,0.00039352519944636625,7.280370229316086e-05,0.0001458514633354811,0.0007463721618800163,3490.9706783925144,0.8477345697744442,0.4353204290141323,-1.469509977741579,-0.0001422061744550487
873,ground_fault_leakage,40.0,18.694821338548863,18.34807762456373,0.4673705334637216,26.609464380478187,1.4233601860738787,1.4474723554357591,0.014462656526366848,0.00020006221696152176,0.00018280889680759418,0.00019363651034238046,0.00895684377123386,11047.369855948053,3.0780845460851802,0.41714252025954046,-1.5115062453080437,-0.0006235756665143913
874,ground_fault_leakage,32.0,20.209896324547543,20.008010512351497,0.6315592601421107,29.70901652052498,1.470023202591569,2.481180213441275,0.024799395838761246,0.0003821126039347968,0.00014381588698221255,0.0002959466947043094,0.010750508049549586,12595.486171793931,2.9842070710252298,0.2610596976137055,-1.448964936946076,0.00025779944724142186
875,ground_fault_leakage,6.0,4.291899244521679,4.2570882983567815,0.7153165407536132,6.306018358799213,1.4692838759854714,2.9509433775677247,0.02950301339423648,0.00015025695795730574,0.000238384391418016,0.00026513626940377963,0.0004671654988647737,2502.4066058525327,0.6468704675633202,0.04667198279383772,-1.4463747974957315,-9.967917552892113e-05
876,ground_fault_leakage,10.0,6.024437481751712,5.6021214945198645,0.6024437481751712,8.536292756142627,1.4169443671019064,1.5789219968485901,0.015774489517759845,0.000265437113581852,0.00011944352903508427,0.00046217890415231405,0.0009299495657886026,3775.324251769825,0.9908511003993425,0.42710506171629564,-1.5288533039965575,0.00038311114717885905
877,ground_fault_leakage,6.0,4.510576397928036,4.132741458730646,0.751762732988006,6.451840184619359,1.4303804245844667,1.37025990474826,0.013678162416011235,0.00032941729698589213,0.0003206389139059608,0.00043654046471395874,0.0005350671701197754,2646.373127112314,0.7351078098043025,0.383178156040225,-1.5074894476854674,0.00025220759838775363
878,ground_fault_leakage,40.0,27.95914789915044,27.68212487455096,0.6989786974787611,39.43155188743825,1.4103273829466771,1.6395169985407239,0.016379256032367964,0.00037694662146531147,0.00027640386742030197,0.00018634675203731534,0.0177173907419695,16673.55879867568,4.677182845740598,0.33047558414691636,-1.531018554335267,-2.4475485995457767e-05
879,ground_fault_leakage,25.0,15.565198953205671,15.527958876449237,0.6226079581282269,22.588599401062105,1.4512245855334043,2.8820910644272306,0.028811434380428956,0.00020750095151286487,0.00023507553979701523,0.00016195384435369113,0.006049461883766965,9217.964141793778,2.4905992194549587,0.10440076289221442,-1.4696576651686697,-0.00032195742041151
880,ground_fault_leakage,20.0,10.420978660012036,10.312620107236196,0.5210489330006018,15.018027391143018,1.4411340700014963,1.088374499791827,0.010851235102013279,0.00036088738028466926,0.000376024528905175,0.000302127391866322,0.0030557876835072603,6151.734514540123,1.615329716838798,0.13735608656452372,-1.4872040217076519,-3.839148826956806e-06
881,ground_fault_leakage,25.0,10.903580898208343,10.590699626014638,0.4361432359283337,15.600778678947353,1.4307940504279701,1.6954173651535864,0.01693783308878033,0.00020735419400598774,0.00022922004755968902,0.0002112120812247179,0.0032585877885620475,6668.369409935435,1.7282990910154337,0.3433402319259033,-1.505686788120242,0.0005049666810389023
882,ground_fault_leakage,40.0,19.304835752356055,18.99876133978361,0.4826208938089014,27.40499059394359,1.4195920102132629,1.1563540353101105,0.011553930637082002,9.11536151631649e-05,0.0001989537363790376,0.00014902890706854684,0.009407153943543547,13087.564121795536,3.1787099597244426,0.39115269832818866,-1.522382025098526,-5.697068469150163e-05
883,ground_fault_leakage,16.0,8.50555430591173,8.444469643508187,0.5315971441194831,12.240464647537495,1.439114278253532,1.8046242296933954,0.018025508105471825,0.0002119599829231256,0.00015522602736188664,5.1769754570704983e-05,0.0018291570530662776,5625.04261872141,1.3786932428133338,0.08473822260112,-1.4975219398822963,0.00037755102247133757
884,ground_fault_leakage,40.0,22.723549574626198,22.680175773439757,0.568088739365655,32.70422561629116,1.4392216985048174,2.1474268240973933,0.021461629455548283,0.000499697227711729,2.704586440513727e-05,0.00030338267337995427,0.012933384094257996,13648.34307911604,3.785986102746918,0.1519631717527918,-1.5029826924244818,-0.00010537328232177397
885,ground_fault_leakage,25.0,12.963030696514036,12.817214343207924,0.5185212278605614,18.33950661419956,1.4147545463821658,2.403602403185148,0.024028534371360794,0.00010675676486945978,0.00011581332489921861,0.00011954997581385765,0.004312151881186607,8162.847612793767,2.151955066107395,0.16795086130302123,-1.5378370754018238,-3.3698127941950134e-05
886,ground_fault_leakage,10.0,3.6943405652188406,3.3135379027517553,0.36943405652188405,5.260741260022837,1.4240000795073446,1.048769135990428,0.010458686874522557,0.0003543693699972884,0.0002673063057430943,0.00012584719953460477,0.00033368910536900597,2240.5070989298847,0.6054087777139332,0.39611266601953793,-1.5147552533419373,-0.00060361862765723
887,ground_fault_leakage,10.0,4.6519892320817124,4.335480501149246,0.46519892320817124,6.47726958769043,1.3923655587224049,2.941970453879693,0.02941070779102728,0.0002078980225464782,0.0001403740112898068,0.00018174394109626726,0.0005767379130143772,3065.3215294623647,0.8087241759748738,0.3726256414506835,-1.5533450471163444,-0.00022425165669439316
888,ground_fault_leakage,20.0,8.155499654099822,8.026703158030157,0.40777498270499113,11.863556840555933,1.4546695288175724,2.2635038364203073,0.02262889713678149,6.514266829894104e-05,0.0002653758663722211,7.740437780648829e-05,0.0016275840604039618,4593.758656175836,1.219907348188158,0.14388652424574574,-1.4636505901999195,-0.0005280818855611673
889,ground_fault_leakage,20.0,13.079550502019067,12.753734914399255,0.6539775251009534,19.03430887598254,1.4552724018756589,1.506266593632835,0.015049292860960404,0.00024562639703787885,0.0001462580913897343,0.0002293836093786714,0.004012087087148545,8112.234059082455,2.074795023645608,0.36937423358028687,-1.4835166525524417,-0.0005552502019799557
890,ground_fault_leakage,16.0,11.083381047225098,10.67193399017344,0.6927113154515686,15.874179474299368,1.4322506286871255,1.7937497313256006,0.017922304282090077,0.0001521276413093281,0.00026085098941833787,0.00030067520746811753,0.0031430919270449935,6737.624979630829,1.8336780308817167,0.4622724804223435,-1.505818015621214,0.0007784862369836768
891,ground_fault_leakage,6.0,2.9737416117770685,2.64217365581288,0.4956236019628448,4.313410103539317,1.4504992918706143,2.0236716313182574,0.0202226201464391,0.00024266739820897937,0.0002851065286476235,4.8527407995191354e-05,0.00022568113313439905,1852.0678591312294,0.4505643668679978,0.3933629064628414,-1.4733613689939304,0.000422864244485886
892,ground_fault_leakage,10.0,3.3440079868756105,3.039425873180514,0.33440079868756106,4.719728647617104,1.4113987361063287,1.8170455709543154,0.018157917174609604,0.000523741641455508,0.0001241860003778377,0.0001447012433819023,0.0002878994435932252,2115.8489178252667,0.5602568338009577,0.31326346629907,-1.5270760466609992,-5.154853663041052e-05
893,ground_fault_leakage,32.0,20.85475053276298,20.507731934816356,0.6517109541488432,30.661065869906004,1.4702197381966762,2.6293225133695035,0.02627152022065527,0.0004777383027010545,0.00018047560556563747,0.0003953732187220007,0.010830947374571017,11953.35265974987,3.132610442880198,0.396870107120544,-1.4491739012840457,-0.0002519538999664867
894,ground_fault_leakage,20.0,13.694273900597931,13.628947144031809,0.6847136950298965,19.76682049765804,1.4434369167504035,2.4272856117495176,0.024260535106686982,0.0004046122336089377,0.00010593106377578675,0.0003292305452890823,0.005085139732849554,8901.009710462176,2.2162965287852066,0.11025583608353652,-1.4858934440634417,0.00013254120610531122
895,ground_fault_leakage,16.0,12.376930750398353,12.31732171771809,0.7735581718998971,17.57318560912994,1.4198338798287702,2.218594482886661,0.022177036992387086,0.0003383717824485281,0.00040945830427771687,0.00020362470249128204,0.003945365570551227,8075.620060824687,2.0354300615060454,0.09967512623811695,-1.5275852577294122,-7.071547714686347e-05
896,ground_fault_leakage,10.0,7.742371110545815,7.514364850764847,0.7742371110545815,11.096935968192055,1.4332735809632973,1.437352724174423,0.014363012155309562,8.798666329880689e-05,0.00018258090744798574,0.0001824889849023532,0.0015626445489646161,5147.433392887914,1.2560688290071582,0.2741565625030276,-1.4984881153810585,-0.0002883595063661269
897,ground_fault_leakage,25.0,12.056405058956338,11.863473861313006,0.4822562023582535,17.384988827141957,1.441971196280039,1.2814055251705199,0.012796986131574112,0.00013707539194910328,0.0002788642072758502,0.0001482213510243764,0.003597414825173415,6803.4094074034265,1.8396526031412674,0.245519067119717,-1.4839832081767734,-0.00021688975273486527
898,ground_fault_leakage,20.0,6.574753029021398,6.099738238369417,0.3287376514510699,9.634485902420831,1.4653760922164212,2.45708226476566,0.02455736235107862,0.0004437451695263877,0.00024149842821285898,0.0004045941091139032,0.0010928547537910516,4028.474522765042,0.9723816781603232,0.4837490960897189,-1.4494493122595906,9.720945427462734e-05
899,ground_fault_leakage,10.0,5.803712476591469,5.640464271866083,0.5803712476591469,8.428152527692946,1.452200218435117,1.6723006282789223,0.01671041174778126,0.00033283742572730535,0.00013884578982373462,0.0003061470387889448,0.0007736147937747127,3698.8258526530303,0.8763197344194994,0.1770441378393662,-1.466198570019016,0.0005015547970295508
900,harmonic_distortion,25.0,10.323565537109126,10.290723719375906,0.412942621484365,14.485367585400283,1.4031361095086763,12.59662303315931,0.1034286139442294,0.06251973450862122,0.031214380390566267,0.016896381098921717,0.006388931881231309,12524.524355357327,3.1432197765846923,0.08902300133322567,-1.6405588492054268,0.0013349873509789483
901,harmonic_distortion,10.0,4.638549016685371,4.626466046862005,0.46385490166853705,6.692010258063332,1.4426947376321217,12.921230738294001,0.10617541159574832,0.06428105580043396,0.03167491751261459,0.01692813591063395,0.001376334030127999,3906.710565335456,0.8493855033220932,0.03766727854135471,-1.5895078602945902,5.927351797775142e-05
902,harmonic_distortion,63.0,54.592233654846126,54.05782249458153,0.866543391346764,85.84057035467563,1.572395276878055,14.70332351866739,0.12118403037326855,0.07219479471430756,0.036549636016804096,0.01959674425367471,0.17615008618082065,63506.485616311395,16.882402443549477,0.6844122365650913,-1.4358267898783208,-0.0014275169697307865
903,harmonic_distortion,10.0,7.163379052371739,7.157638928054699,0.7163379052371739,10.889730382060337,1.5201946317408177,13.666210682052602,0.11247174292649562,0.06759364278351479,0.03371420391886655,0.01789710397937614,0.003203373655345814,7591.5824959880165,2.268731410654795,0.05755218207411144,-1.5669444667073384,-0.0006374231655782828
904,harmonic_distortion,25.0,17.659447026486657,17.622286076116414,0.7063778810594663,27.547442353288236,1.5599266676023924,12.747177338022967,0.1052363596297458,0.06256080082561516,0.03127439281365861,0.016783534390480564,0.019822558780557747,17611.976815066544,4.500113478419391,0.14603919005667987,-1.375029315661024,-0.0029000878969006965
905,harmonic_distortion,16.0,8.491532137464175,8.454266878524287,0.5307207585915109,15.334843182728099,1.8058982681424136,14.4318772490569,0.1187320343377331,0.07135280030466352,0.035758970525173836,0.01897646888862401,0.0049203574692760505,9373.996164763375,1.331387643729785,0.07765633869983808,-1.191731150215124,-0.003519234031097204
906,harmonic_distortion,63.0,42.40330012168567,42.13793913523908,0.6730682558997725,75.40487052169428,1.778278348702224,12.366877165024922,0.1016571482408998,0.061457511456430164,0.030622209483633624,0.015637106936230837,0.11557533950238336,36353.70712265815,6.562709024563755,0.42357294890820907,-1.316278308952252,-0.0025716260595015643
907,harmonic_distortion,16.0,9.506143932363953,9.440255486950061,0.5941339957727471,14.639595511715571,1.5400140808235203,13.581416337951476,0.11220901944768903,0.06664024985908566,0.03322763259939845,0.01758295051022689,0.005475074300859875,10233.351258206725,1.5954478310717257,0.0986599698498043,-1.4890703572697717,-0.0011250537421915836
908,harmonic_distortion,16.0,13.783998493899228,13.755711828278672,0.8614999058687017,19.47021768402119,1.4125232015388096,14.300534371484153,0.11755173352616187,0.0709179517499692,0.035348611125743994,0.018767009961172715,0.011197022665937806,17932.624833611808,3.3715187445697854,0.11351527954757779,-1.5717834608189312,-0.0012841581856141006
909,harmonic_distortion,6.0,5.116091032956842,5.100090153218201,0.8526818388261402,7.494056004814445,1.4648011450684566,12.960852797870864,0.10685194696703328,0.06375094931480989,0.03198451515101375,0.017110377675682062,0.001637948845827813,5605.302323348791,1.2573139214116884,0.043227258756946,-1.6448049218302851,0.0015296216355949951
910,harmonic_distortion,32.0,19.185479355514772,19.186361193877957,0.5995462298598366,28.81064665345682,1.5016902167562287,12.133141052386994,0.09973659352142311,0.060053806010237944,0.030078004728728517,0.016172920474459347,0.022713594487738648,18937.655892799146,4.569058320641204,0.151816306931446,-1.5963983795989407,4.913472950515691e-05
911,harmonic_distortion,32.0,17.742350758732506,17.66203125764008,0.5544484612103908,24.98224699781492,1.4080573276971764,9.834340713328073,0.08089569536787272,0.048701751131089786,0.02436685990081231,0.012670956564630496,0.01900196107236851,20430.39378966134,4.642886898169464,0.16214114081100842,-1.6507976977260213,0.0018691711915492534
912,harmonic_distortion,63.0,38.69857928392547,38.47381988971796,0.6142631632369122,63.08755244192857,1.6302291610613084,15.614288000130173,0.12829219274070128,0.07773448613897033,0.03817528603438327,0.020511405705038913,0.09945942615770301,46179.0941019533,11.002232926152798,0.37819471852241726,-1.3853550767148715,-0.001768837757396595
913,harmonic_distortion,40.0,32.15600073095079,32.022064397404826,0.8039000182737697,52.528765794621805,1.6335602873160864,15.289393330740994,0.12592823800265968,0.07544015134342598,0.03771485495100675,0.02011316237209838,0.06071220777628181,39086.40625643841,4.654194298098953,0.28844863747086313,-1.2720855235633934,-0.003374599190022871
914,harmonic_distortion,20.0,14.581670477213502,14.434464219250389,0.7290835238606751,21.434689843829016,1.4699749165127975,9.890038155188737,0.08129042772599426,0.049175549118546685,0.024345735340501485,0.012703505992247,0.013631362179948498,12652.082063424554,2.28633549558625,0.1867528340491746,-1.518388899002595,-0.0018587998489338685
915,harmonic_distortion,20.0,15.296915628471803,15.20238496347268,0.7648457814235902,25.32954122235566,1.6558593794918042,10.019210300324692,0.08255151330863168,0.04946550028932757,0.024694060476410176,0.012900036288092677,0.014218397123216424,14730.88754906025,3.2661149354763435,0.15663110039960534,-1.3455209653280318,0.00046901866201020824
916,harmonic_distortion,25.0,11.763866690211985,11.702772805982793,0.4705546676084794,19.835315990164982,1.6861221323582873,11.237353316031562,0.09250699433681367,0.05538932030230593,0.027795786737274848,0.015148285658901079,0.007833455720530035,13339.149349271082,1.7393622977530423,0.11077397703601057,-1.3192309839878924,-0.002125304448260472
917,harmonic_distortion,6.0,5.079691603712692,5.0399852723823555,0.8466152672854487,9.057260745807946,1.7830335875912346,15.024764488829621,0.12361124650246748,0.07415579187612198,0.03747860430746872,0.019753478283073663,0.0014290112192679497,4891.229447950378,1.0355447581153485,0.05688624695219627,-1.1721277479555303,-0.002637648506692735
918,harmonic_distortion,25.0,19.349353821947815,19.26769182191251,0.7739741528779126,29.338525969519317,1.5162535264988855,15.135850232794029,0.12458510022056943,0.0748469208473145,0.03723549766607416,0.01997080201805967,0.02084618621418536,21498.990445200194,5.696663013333978,0.17311129669472772,-1.4773272284264356,-0.0018037923140807298
919,harmonic_distortion,40.0,29.331359594258785,29.09835777085522,0.7332839898564696,50.64198229122807,1.7265473878481241,13.58170955873408,0.1119397859591779,0.06679621038213414,0.03397449285740228,0.017299050494885938,0.05315011333250369,25500.565574876113,5.937333600246464,0.325815765488673,-1.398291013995748,-0.0010822076689330168
920,harmonic_distortion,32.0,18.68586690376861,18.61638170800518,0.583933340742769,31.546962528972102,1.688279312367432,11.816561903769484,0.09722336823790716,0.05841096210817689,0.029153507390840817,0.015735941008917072,0.021411105485204848,16380.567473899457,1.6369266778498237,0.16337795001129354,-1.3075660857017937,-0.0034023173010445627
921,harmonic_distortion,20.0,14.602910026460675,14.571576364874366,0.7301455013230338,24.617222420280996,1.6857751211223293,12.334353383193099,0.10138161354600998,0.0613046333594469,0.03031536482222457,0.016053297904358093,0.012386034679532178,15062.317436359259,2.8676819358133145,0.121684569905985,-1.3267280675821405,-0.0015412264408836288
922,harmonic_distortion,63.0,28.271349423158313,28.230123306289876,0.44875157814537003,44.71732280658963,1.5817187264636887,13.400386713097094,0.11043116703232507,0.06587702346579634,0.033319778753573254,0.017630181863619115,0.04830362369017509,30135.9679630436,8.632988392332916,0.22539816165504728,-1.439987204451846,-0.002153406381311113
923,harmonic_distortion,25.0,14.978411047440893,14.97408332672991,0.5991364418976357,28.47191049698997,1.900863209382521,15.277958353895484,0.12576117438888895,0.07520838127424997,0.03817010225976823,0.02029826970948298,0.014628955039668386,13258.03416001671,3.0388444824071446,0.12106229855476908,-1.170477316400916,-0.004069710930399024
924,harmonic_distortion,6.0,5.369516766351889,5.335847821526474,0.8949194610586481,7.975634312180522,1.4853542055543119,14.859154140487659,0.1221307673054076,0.07407317523556317,0.03648977112178747,0.018534752149636416,0.0016444990588028222,6699.246344046928,1.680234646693243,0.05331387066908823,-1.6044246082091718,-0.00039420409806757153
925,harmonic_distortion,20.0,9.211762112727236,9.191596585896475,0.46058810563636177,13.886255132600741,1.5074482993766896,10.3976215529597,0.08572193101653564,0.050960420943364344,0.025739388334001793,0.01420338753112561,0.0052705809607881925,7354.024521370203,1.739233764841462,0.07588367574113151,-1.3819310884304763,-0.001517802185279537
926,harmonic_distortion,25.0,12.994211790939485,12.865831554825686,0.5197684716375793,20.122495647486062,1.5485737780546538,12.383393134351028,0.10224559560609138,0.060734601602800975,0.03064201773438781,0.015898511086712478,0.010298261456348119,11499.980380194678,3.194683387754501,0.16531238359396874,-1.3761563409942588,-0.0012453494106042106
927,harmonic_distortion,20.0,14.924926259995331,14.909622355275202,0.7462463129997665,24.02176576226352,1.6095064955223122,13.332329558908638,0.10959582640528126,0.06623451745339162,0.03262442019087825,0.017661741515054598,0.014817597896034032,13443.24675219405,2.004451470881461,0.11849814759649173,-1.2569820346346319,-0.003517179934241676
928,harmonic_distortion,20.0,17.59054987708336,17.439030964666834,0.8795274938541681,27.252146412691754,1.549249261766745,12.322099542209243,0.1015007562665741,0.060480351404323986,0.030963487391983173,0.016240509954051675,0.016298498777801942,20150.840329133967,4.855056695831247,0.20462300521144292,-1.4970687248247012,-0.0007007112184611179
929,harmonic_distortion,63.0,36.753625996082405,36.491440920024075,0.5833908888267049,64.47536263494632,1.7542585496207788,11.781222906995662,0.09684435617271539,0.05829676844030877,0.029377702893980312,0.015449547710639519,0.08302805469891586,32462.450781015377,5.748503033715532,0.3905139123559515,-1.230520053458299,-0.0012475493543632572
930,harmonic_distortion,6.0,4.476391340481211,4.450116043152582,0.7460652234135351,7.26455833234703,1.6228604199612342,11.708296530559132,0.0964357328386025,0.057796906757728424,0.028807783938649086,0.015388414088000716,0.001246782451398731,4136.248842612077,0.853875113228888,0.044223465925965176,-1.4563943991350463,-0.0010453500194807504
931,harmonic_distortion,16.0,8.94814819332958,8.90457853298125,0.5592592620830987,16.339358637330058,1.8260044740524382,16.012369406780643,0.13186895772066012,0.07915079876471139,0.03945414776703374,0.02069557099177534,0.005477066871689522,8395.754058548348,2.332935270622373,0.08281057674719515,-1.1736709559578844,-0.004367214148542914
932,harmonic_distortion,40.0,28.687559027638578,28.666289734433196,0.7171889756909644,47.968619994005614,1.672105317364886,12.718277862362054,0.10438887523717658,0.06326894766431558,0.031524524030705825,0.016757498910528856,0.04210059006577897,24275.381346073165,4.479937530990171,0.22531411805746587,-1.3277867610775265,-0.0028663218225964604
933,harmonic_distortion,20.0,17.640716282770725,17.61417110537284,0.8820358141385363,28.088689346941976,1.5922646731064587,14.266928154159139,0.11759247737159656,0.07051611151281759,0.03499345102646745,0.018139194692737576,0.01959579375387436,16381.929907112295,2.5045782774882364,0.13954439268709418,-1.551495523182033,-0.0010662760301802861
934,harmonic_distortion,10.0,5.43939505797665,5.398789437456389,0.543939505797665,7.89572067803904,1.4515806615312319,10.31954695426894,0.08502666119273597,0.051046565065310204,0.025141007486615855,0.013464240805036805,0.0021913557049709135,5040.787227709522,1.4122360102145,0.05975276081896958,-1.5883960052140231,0.0007626629037748713
935,harmonic_distortion,20.0,10.633966610012001,10.58187238189966,0.5316983305006,16.760841338941475,1.5761608017073132,14.267122230071918,0.11752135406881808,0.07035947320070636,0.03526858747526479,0.018673755524454497,0.0068261834416388605,10545.990584836314,2.254339559749762,0.09740941251967053,-1.6111758113080685,0.0007926339247305633
936,harmonic_distortion,16.0,7.860091296811114,7.860923796072647,0.49125570605069463,12.159831432177826,1.5470343754867208,11.564398991718987,0.09496493589958853,0.057409325143153084,0.028839529941265776,0.01505819722746552,0.003729116766645934,7614.157409860739,1.8119754566224855,0.06410756601183228,-1.5624924749099471,0.0008461677838413938
937,harmonic_distortion,10.0,7.525539838622929,7.490898869533501,0.7525539838622929,10.510652536109893,1.3966642606514372,10.351837188672427,0.08529604873249813,0.05082410489163651,0.026002721898528945,0.013444536927145567,0.0033228351126810395,8299.061197835466,1.8873430353679914,0.06787352691798365,-1.6516289102756463,0.0017051034640436485
938,harmonic_distortion,32.0,26.802626743482655,26.745522102061077,0.837582085733833,40.43425473182134,1.508592986698394,11.468399641395305,0.09432220085889374,0.056852452260447675,0.028143961495632603,0.015175960906985404,0.042693894384833106,26726.951904521502,6.485564216686983,0.22061583853675834,-1.4569200283575772,-0.00046816089246364776
939,harmonic_distortion,6.0,4.607340958313629,4.567365983818847,0.7678901597189381,7.00326117197284,1.5200223369221058,10.638715471683073,0.08786487235022433,0.052386073735148794,0.025753355015889937,0.013775808334972972,0.0013685856560663383,4102.685785121155,0.9963865590110417,0.05478550895266724,-1.6025889420589974,0.0007248193939095493
940,harmonic_distortion,32.0,12.991013089704113,12.9599666096999,0.40596915905325354,20.658646657493154,1.5902259903252438,13.921921874986001,0.11450555988482518,0.06885768525574577,0.03463383780562741,0.018133664726643642,0.01085563725713845,12813.42716534783,2.7618585904204904,0.10681461295680876,-1.594350062590154,0.0009251202796960564
941,harmonic_distortion,6.0,5.095870811183295,5.0798341366728055,0.8493118018638826,9.05591870343613,1.7771091609671668,10.072326353635965,0.0827392357121217,0.049989994938551156,0.02486311406618447,0.013447976114147536,0.0014740193969567978,3866.9813083850445,0.7292725544500989,0.043489076867621816,-1.2713761872037532,-0.0017386118509133994
942,harmonic_distortion,32.0,23.851504711404104,23.67826351390782,0.7453595222313782,35.566120650608944,1.491147878486366,13.271939703206465,0.10909767280382238,0.06584798701080309,0.0326066789598241,0.017666685500739642,0.034909961041488684,24803.9179531626,6.769509273273125,0.25769322852138377,-1.59161968504612,0.0004388285807368949
943,harmonic_distortion,10.0,5.954788942700616,5.948079493799716,0.5954788942700616,9.481518017927451,1.592250893788209,13.745926326214683,0.11284224371493592,0.06824964089808892,0.03429355520716588,0.01807100788990729,0.0023649842127904603,6031.122224112453,0.5526311484590768,0.04757076095134808,-1.270845112438433,-0.004420838409643695
944,harmonic_distortion,32.0,21.772944245766713,21.75608649908412,0.6804045076802098,30.767925643186928,1.4131265525908823,10.27699900178971,0.08416874553849713,0.05113761840523662,0.02588190408209057,0.01383275813587002,0.03042107758605054,21899.451498089315,5.320872103279204,0.17364976870141874,-1.6483578300470771,0.0013966274309216392
945,harmonic_distortion,25.0,21.714356365840445,21.59226502693715,0.8685742546336178,32.420346255657556,1.493037403824044,10.518442969878617,0.08687057229602252,0.05162584967894721,0.025720205464606388,0.013789848376034855,0.02757654092740771,19691.987222750147,5.909307608633122,0.21065140226727322,-1.4415688488106109,-0.0001433736285484833
946,harmonic_distortion,40.0,35.78311827162142,35.44652324300322,0.8945779567905354,58.1533792628877,1.6251624249131564,10.211117100420536,0.08393101419414241,0.05081977145073728,0.024716039779340074,0.013712697641819831,0.07424827358032413,30072.218093446194,6.289083514939579,0.438014888659298,-1.3555097455201062,-0.0017056161608135544
947,harmonic_distortion,10.0,4.787885031793085,4.76756200864084,0.4787885031793085,9.35626329039771,1.9541537080182547,14.87153471446371,0.12226256247356332,0.07357902703986663,0.03690025351712016,0.019791798702294684,0.0013152453013526748,4423.451564104921,0.6275038270131249,0.04202594812851165,-1.116721819861837,-0.004986004993162444
948,harmonic_distortion,16.0,8.575955552658247,8.55098133481351,0.5359972220411404,11.817456055055281,1.3779754315557649,14.549170100241652,0.11970861409376019,0.07184058900181406,0.036222407283932175,0.019063308938371232,0.004841567252478914,9867.746707355316,2.4943346882482804,0.07224190975919698,-1.6924787238706138,0.001517621015940068
949,harmonic_distortion,63.0,42.35204594098424,41.953508273422514,0.6722546974759404,58.91459541006191,1.3910684619762126,13.921086743278927,0.11485391136216141,0.06882265497561757,0.03380733670548321,0.017557253278048864,0.11363235165028868,51855.10763668324,12.035920993879339,0.5229195636483577,-1.6120066765928716,0.0009488805913061129
950,harmonic_distortion,32.0,21.80894961444924,21.59508227469851,0.6815296754515388,35.375214903507995,1.6220503750647646,12.506461579386833,0.10309094948914416,0.06173717918840662,0.030670031361222996,0.016156873437870367,0.029004496070362016,20840.33077207108,5.455084478488413,0.27412864047358665,-1.4330231225406418,-0.00023692316544161328
951,harmonic_distortion,6.0,4.062661053784701,4.032147848384463,0.6771101756307836,5.952869704957525,1.4652636842413116,12.961715622854896,0.10686903622554023,0.06372671957231067,0.03198441811098531,0.0171816070037285,0.0009931537656671838,4249.505318650955,0.8665673228314459,0.04350688853701401,-1.5941327314748501,-0.0003298234105922248
952,harmonic_distortion,6.0,3.9917038440622887,3.9781222281853634,0.6652839740103814,5.7730279943354335,1.4462565907730431,11.118791474899178,0.09108769637615485,0.055502377179366125,0.027563134197664492,0.01500443842274649,0.0009205855376525707,4167.7119899985955,1.1367465027460135,0.03418474994137657,-1.5460856089241373,-0.0002703322756462586
953,harmonic_distortion,63.0,36.273308301354255,36.05620658944938,0.5757667984341945,56.495225006332,1.5574875204494452,10.60684710591927,0.08735215464318691,0.05259202839046767,0.026078060529227086,0.01315497712065586,0.07859417032200514,34752.78209899828,8.765626221184547,0.36129697122583304,-1.4051871392635396,-0.0010485682525861687
954,harmonic_distortion,40.0,19.286241273077998,19.188716203438343,0.48215603182694994,31.613963460996832,1.6391977582219777,15.298289840008724,0.12601959661350753,0.07541988560795744,0.03789929984790232,0.019932115567270366,0.024826227374887794,19813.292662948756,3.454377136557815,0.18005456811339626,-1.4786244584770218,-0.0014340896147577425
955,harmonic_distortion,63.0,48.378597214654796,48.157151455125096,0.7679142415024571,79.05476909287898,1.634085600714725,15.281737699277524,0.12579787722602231,0.07546003457128062,0.03802754856315422,0.019672944870722735,0.14601719314780764,55628.8350083009,5.617183954153035,0.4386382184158905,-1.3861570476826832,-0.0023047930137693796
956,harmonic_distortion,32.0,22.66203665631773,22.48669097318989,0.7081886455099291,31.320456619057346,1.3820671589525362,9.886147644489375,0.0812493521107939,0.049057492255810076,0.024639982408482898,0.012533683013247619,0.031243147895049846,19391.26474332496,3.8277328578626015,0.2497162507491367,-1.614930528440408,0.000684636963261529
957,harmonic_distortion,16.0,10.722108161843341,10.659571736235863,0.6701317601152088,17.189008563465496,1.6031370232798725,10.614600889641448,0.08740605951470884,0.052326119898698974,0.025935232017613365,0.014687399784694353,0.0074514138598266565,8631.333778873885,2.265659983716401,0.1061969885255716,-1.4920895907178755,-0.0006874628230388744
958,harmonic_distortion,16.0,9.538768539631526,9.519322716678909,0.5961730337269704,13.521035361943914,1.4174822781734817,13.565982701376804,0.11161224344744909,0.06717703975489873,0.03342469031695975,0.01777572252212989,0.0059943409275448325,10370.331422010926,1.6275015548657246,0.07736543934883984,-1.6303319163352947,0.0006524982113010767
959,harmonic_distortion,6.0,4.112271106141643,4.099446911686444,0.6853785176902738,5.6628809846381385,1.377068981372265,14.5725532870524,0.11997411700298886,0.07185723152392552,0.03631260812727587,0.01895122551675054,0.001063749696436155,5086.932993648139,0.8903348294841151,0.03455155065986078,-1.6700825519491855,0.0013438044122570216
960,harmonic_distortion,25.0,15.958627262471985,15.805013731376697,0.6383450904988794,26.578203908488156,1.6654442433982732,14.606961699260985,0.12020922681217044,0.0722567822859458,0.03608697813049169,0.01900976965912432,0.016996283098536402,16999.749529972712,2.159798025763077,0.19918160014392616,-1.236409116987836,-0.00336375316298162
961,harmonic_distortion,63.0,48.41644310957949,48.30438031577664,0.7685149699933252,76.03622664172771,1.5704628790691364,12.422593307692239,0.10240302082087709,0.06139824887169899,0.030533514436220852,0.015594066005056476,0.1375550267225786,50958.10391766266,6.714117227373284,0.3933702354906491,-1.3819873149818522,-0.002098214850730969
962,harmonic_distortion,20.0,11.741789424065601,11.665866176389418,0.58708947120328,17.732603325944698,1.5102130249491872,10.09817341616109,0.08343292514156239,0.04969430288643832,0.024568033596367365,0.01274473970465034,0.009447593463004687,10887.34030925902,2.7799961991640236,0.1203730071742954,-1.4409084673594592,0.0004943061275477038
963,harmonic_distortion,32.0,28.212725773301212,28.010764605470644,0.8816476804156629,40.16089234643678,1.423502736591977,12.852551254664766,0.10557930456752575,0.06391433128672333,0.031574781638993105,0.016989213255779952,0.0508184763571745,34912.69848894757,8.010491018698726,0.30386892243805147,-1.6713786024083968,0.0016114783483633839
964,harmonic_distortion,6.0,2.8998739200221357,2.891621325891903,0.4833123200036893,4.1764038188136405,1.4402018613766348,11.384991775310185,0.09304549055020611,0.057021963016648324,0.028883841990104086,0.014744457265376792,0.0005584917878063813,2810.0314560701067,0.5263782741296426,0.024124965795274275,-1.583100186380898,-4.6503117587320094e-05
965,harmonic_distortion,10.0,6.246859218266318,6.232906256184184,0.6246859218266317,8.937218502193973,1.430673909639288,14.11671265707112,0.11633877127947358,0.0695179347156067,0.0346020523614576,0.01905191422194068,0.002489194966979108,6890.039149099108,1.551972192593109,0.0505729522538115,-1.6766825603548883,0.0017997072454976346
966,harmonic_distortion,6.0,4.46457764193281,4.43920308903653,0.7440962736554684,6.9525577250332375,1.557271097309455,10.837194513893161,0.08904435227220311,0.05378743798637961,0.026861555125956286,0.014135334114708945,0.0012405933453993872,4554.319059112483,0.6540015830101824,0.043415723562154805,-1.442532913697592,-0.00027274496300890266
967,harmonic_distortion,32.0,13.891501999973762,13.754401510660367,0.4341094374991801,19.897938449862846,1.4323820741967317,15.945083668949248,0.1311660465373203,0.07868158960056124,0.03963586533942503,0.021391594988680512,0.010453326028747083,14692.82902918338,2.6604641432362945,0.17446106525040325,-1.6574986948445778,0.0010819905203807072
968,harmonic_distortion,16.0,7.104868167768169,7.098837637418728,0.44405426048551055,11.299830899662632,1.5904349850338997,13.22056388972909,0.10896640068619148,0.06525470455612287,0.032516417158786524,0.016981303301735702,0.0029285348706586545,6499.588318204883,1.5907187149556858,0.05464327870439635,-1.3856559460726425,-0.0028869983687033287
969,harmonic_distortion,20.0,17.945945170659538,17.771502302565573,0.8972972585329769,25.386868764523346,1.414629796407414,11.53394471687938,0.09528684358271514,0.05661501526206747,0.028157016460111078,0.01498264756392171,0.019139964764376426,18670.395278514778,4.6850651877844784,0.22538802246958112,-1.6592142858754393,0.0009352770806502896
970,harmonic_distortion,40.0,35.390715646730655,35.16178769337594,0.8847678911682664,60.98689274347011,1.7232455356516858,11.76053626165731,0.0968484051166101,0.05813667823719587,0.02863673197757736,0.01583782803783094,0.07768281385737985,34107.965351056075,5.51767827295836,0.35364276908045195,-1.3005113997063005,-0.0015698895504165874
971,harmonic_distortion,32.0,24.23565157118143,24.01377261462262,0.7573641115994197,36.60751213307746,1.5104818628064824,16.032495211828284,0.1316069828212226,0.07964400991161141,0.03984172056329516,0.02127537495059569,0.03688032618180073,27049.46588097721,6.432179198360088,0.2909588447443677,-1.5829973642967543,-0.00029142671232661166
972,harmonic_distortion,32.0,25.502420836597782,25.44895009239007,0.7969506511436807,41.96050116961175,1.645353648456389,14.996667618457735,0.12335984969726844,0.07405596114363187,0.03710317621559353,0.02025593764399578,0.038837396956313316,25647.459833491524,5.214803594088899,0.20700975857974735,-1.4825763888038601,-0.0009979515994326849
973,harmonic_distortion,20.0,10.100334719068776,10.096113982475368,0.5050167359534388,15.139964993415916,1.4989567586640162,12.342260611271966,0.10181171814897487,0.06083570636913033,0.030212344558905157,0.015881447295612007,0.00624585736718819,10542.749568490335,2.1997413125910277,0.08011031229957172,-1.553681355442221,7.631206526506235e-05
974,harmonic_distortion,16.0,9.846376205646559,9.774044662230377,0.6153985128529099,15.946734751024488,1.6195536729807287,12.024222258647288,0.09875960241385032,0.059833372530790595,0.02936637287860707,0.016170812943230486,0.005440507864210837,9460.184071329166,1.0288397785098553,0.106210623837024,-1.3112541785784642,-0.003634520015731699
975,harmonic_distortion,10.0,8.518056406855994,8.447361185270625,0.8518056406855994,11.8304503359373,1.3888673389185786,13.949246335317877,0.11462263470705916,0.06914882549701279,0.03474223825473968,0.018190026841616313,0.004221061922363417,10065.28055050588,2.370995200712248,0.09920217852980755,-1.6680722871223066,0.0017183131203521878
976,harmonic_distortion,10.0,8.030377816157085,7.998862528285458,0.8030377816157085,12.713167435846913,1.583134408531183,10.995079898301775,0.09073295010267868,0.05360415097735351,0.027822648081340738,0.014437082709940478,0.0039614945507395975,7053.137530925362,1.500049719302003,0.07213145363008976,-1.5056441555127924,0.00020322816318434455
977,harmonic_distortion,63.0,47.79930120121909,47.5030671062398,0.7587190666860173,76.65116464947019,1.60360429381992,10.67923057294481,0.08808631261288596,0.052327025299534716,0.026493252128234786,0.014293749071916903,0.1349094380507974,38228.076599465836,9.162253846998471,0.4835144073754128,-1.4354316428026366,-0.001021309334360828
978,harmonic_distortion,10.0,7.6775690337209985,7.67036363624615,0.7677569033720999,12.471148351702947,1.6243616039534767,13.29421750085209,0.10964452032338624,0.06541731690541566,0.03254576026877645,0.017667682989250352,0.003937996345376425,6661.097382139101,1.388491972036225,0.061073626083708726,-1.366482550422114,-0.0023626291711669823
979,harmonic_distortion,32.0,14.843124036583522,14.817670340007416,0.46384762614323505,21.143426550741285,1.4244593319576855,13.19556285937085,0.10893232235154794,0.06479744566885154,0.032392162752326495,0.01725312479111396,0.013432195744496429,16416.52194226407,3.634413951804439,0.12092391658521238,-1.6532194090135406,0.0010094961755239124
980,harmonic_distortion,40.0,24.991121042866386,24.756004456027544,0.6247780260716597,35.52931028327577,1.421677331757624,14.558850815982785,0.11953563232966925,0.07205846004427661,0.036440758883069246,0.01964569833167094,0.035607337324073576,22060.202007082666,5.028218518149799,0.30808689015696866,-1.6302478716556736,0.0002616752349101654
981,harmonic_distortion,6.0,4.696230297931377,4.668284021634846,0.7827050496552296,8.513674458375949,1.8128741387136034,15.019190870986368,0.12354056731106756,0.07456817537321156,0.036962445589770486,0.019177242865873766,0.0013651530853830542,4031.9080012135178,0.8448553978817744,0.04647594673895346,-1.1429952429638668,-0.004297103252932808
982,harmonic_distortion,25.0,12.39305294366999,12.270870095790903,0.4957221177467996,18.373084865754638,1.4825309750376354,12.478357148829222,0.10270722471727542,0.06163117773713699,0.030766089343357145,0.016631856919064044,0.009686290911428207,13115.8318502517,2.4756273568384874,0.15771965482603187,-1.472962637636614,-0.001703340222395604
983,harmonic_distortion,20.0,16.6128128765577,16.47969791337095,0.830640643827885,25.455735246052082,1.532295309269408,12.44132603934696,0.10266470359909173,0.06103089907989315,0.030831062234776836,0.01619923791851491,0.017880098148053913,20877.116631400586,4.4624175269478465,0.18628845871255595,-1.550712880526036,0.0006347416876287368
984,harmonic_distortion,40.0,33.70483369259807,33.622681182136446,0.8426208423149518,46.513104857277604,1.380012887175656,14.663532416223996,0.12058944130599737,0.07266983806007161,0.03611550303000337,0.019332563276696933,0.07507897068246885,43185.85520606334,11.870927864731808,0.2769905445942847,-1.6618254112517665,0.00011793523704252447
985,harmonic_distortion,63.0,49.209842850618536,48.89845487996391,0.7811086166764847,75.21587270558703,1.5284721175067348,14.266276634839,0.11768689135852704,0.07032292978224639,0.034729170082214655,0.018725536533708412,0.16883967562376717,50074.20592950805,7.836125272398383,0.4979509412121789,-1.6032391762359477,0.00018907368951581976
986,harmonic_distortion,32.0,17.2966252796609,17.19401254971625,0.5405195399894032,25.043365572499557,1.4478758235284295,15.455910797900229,0.12726241118811407,0.0763634564222695,0.038009901327345615,0.020392495844607034,0.017329496812735476,16007.661455386757,4.005530686502694,0.16835553394545907,-1.6300544630749787,0.00038390709027249435
987,harmonic_distortion,6.0,4.330744746082484,4.296889090873958,0.7217907910137473,7.491851105132161,1.7299221133222493,14.798152834900842,0.12165820842984228,0.07333287999857453,0.036521155347293034,0.019636392840406636,0.0010139445790548025,4101.362021676805,1.1034810998072926,0.04842949704336287,-1.3203941592524406,-0.0012481360635514702
988,harmonic_distortion,20.0,14.078576859297197,13.962481204515884,0.7039288429648598,24.58998053396893,1.7466240215880626,11.426772241055007,0.09409799805449048,0.05624240475121597,0.02855089005772229,0.014948671448104708,0.013049159106983333,10490.728584269418,2.4748767134967666,0.15977695682507037,-1.2531116635113453,-0.0006956688578043525
989,harmonic_distortion,6.0,3.979313472199101,3.9624782845817563,0.6632189120331835,6.026637771259899,1.514491836807942,10.528650720321767,0.08661640929861003,0.05187450779726132,0.026314649143159462,0.014104950183660486,0.0010000793304943407,3058.5934698966644,0.6624410044087203,0.03545013889811964,-1.563959416050994,0.00034199625023154437
990,harmonic_distortion,63.0,55.975432660770686,55.44250946997184,0.8884989311233442,78.20599803262299,1.3971486116986287,13.052993307839042,0.10719932003269439,0.06475603093687454,0.03251531061717121,0.017188821782618352,0.19340715776043738,70362.45499535749,12.792958860008575,0.6941807129229044,-1.674780380267234,0.002030764855358429
991,harmonic_distortion,40.0,33.644690094967096,33.62101765146486,0.8411172523741774,53.323267569852554,1.5848940031177248,12.89738965862001,0.1061108187998347,0.06366737124119594,0.03190614766437963,0.017405246243422278,0.067288383665382,31510.89853338368,8.575438320777549,0.26119688711980255,-1.4018187655171428,-0.0014195499523373689
992,harmonic_distortion,63.0,32.908597801449304,32.667965048093805,0.5223586952611,53.54006734386687,1.6269325015082237,10.958894507644704,0.09014378899715125,0.05425881226183052,0.02713275703108738,0.014261473268314184,0.06447449807702879,29682.567439396425,4.308137368841252,0.3499817082883395,-1.3764817557143012,-0.0017606749502214005
993,harmonic_distortion,32.0,27.16264591904955,27.010056091972785,0.8488326849702984,40.30092735581956,1.4836893090032977,13.371749889025173,0.11019222667440547,0.06614232791782168,0.03267659341830323,0.01715239307705128,0.04619072015721873,28041.141344959204,6.502979053974099,0.2636168503538198,-1.618426085734661,0.0014832713851186245
994,harmonic_distortion,25.0,17.663251480435125,17.583566456953633,0.706530059217405,30.557101863845123,1.729981702177655,14.797590558833283,0.12159013332760374,0.07338909490845164,0.036422487187804074,0.01996111747851259,0.01829953031876052,19714.552942338458,5.217652859471923,0.15929458285357598,-1.3529346453761388,-0.0016225938755231597
995,harmonic_distortion,25.0,21.943326203416298,21.744502866169,0.8777330481366519,34.40743580511478,1.5680136860103717,13.235723458036283,0.10914482015275043,0.0653073557528574,0.03213340477607076,0.017553336705717182,0.032278665017725784,21405.9764653119,4.091714481385195,0.26245988060417486,-1.2903107768778137,-0.0035621252802117806
996,harmonic_distortion,32.0,17.874803725072606,17.768956404492346,0.558587616408519,26.995805487037615,1.5102714357451041,13.690346665507361,0.11276261289331216,0.06738465314333011,0.03413564682594746,0.017907345670601985,0.018513906553458487,16835.84721880779,3.2757619585410436,0.17640512700276792,-1.5730039274067567,-0.0003972920468849005
997,harmonic_distortion,16.0,14.506467366183346,14.467209170856005,0.9066542103864591,21.511605673140068,1.4828976020587759,13.936387339839978,0.11482785773530886,0.06866630246716618,0.03434789344382461,0.01848497105352351,0.01307842468485059,15109.638172946406,4.33739588170519,0.11995974440297258,-1.5701466876626975,0.0003853926230304199
998,harmonic_distortion,6.0,4.6306076382128545,4.587527917380245,0.7717679397021424,6.755640683280866,1.4589101927083679,9.947850659730747,0.08200343702087914,0.049010511369955656,0.02432340354073206,0.01330822273866854,0.0012214529328364095,3991.1741823523485,0.920450146023724,0.056448823648512246,-1.6237082707970247,0.0014152324100160168
999,harmonic_distortion,10.0,6.138426793900742,6.114690330592026,0.6138426793900742,8.804373013316793,1.4343044736854533,10.707761883339446,0.08814020959686025,0.053178461588516725,0.025948341623996073,0.01397528561853442,0.002419318730910432,5440.1067225639645,1.3279193136788492,0.054870098638575705,-1.6054348615264527,0.001492965114494258
1000,harmonic_distortion,20.0,8.900493156360843,8.872121656542157,0.4450246578180422,16.12672017309967,1.8118906321233028,14.488564648672297,0.11897073822364963,0.07209294129644264,0.03569019052308944,0.01913339716891508,0.004483319105965474,8938.559214736913,0.7157725355794426,0.07422498667883438,-1.1949993036458617,-0.003730467156759579
1001,harmonic_distortion,20.0,16.425491958183336,16.296071922258744,0.8212745979091668,24.19276487560993,1.4728791646379875,10.490866099692008,0.08635853129431836,0.05206742122065358,0.025439218173154855,0.013752329897371067,0.015876268813776906,14420.62989006355,2.3647524592735523,0.18329616937465368,-1.3727215087676912,-0.0007656280867916088
1002,harmonic_distortion,6.0,4.651447690374017,4.612194867517989,0.7752412817290028,6.792442293705654,1.460285645327594,10.842407160149593,0.08932722850509282,0.053254628487191896,0.026997393824392733,0.014520160885205512,0.001226068864531402,5189.060225089122,1.1219407139927458,0.05441047099878395,-1.616626858341198,0.0016787765175442634
1003,harmonic_distortion,32.0,18.780642169380798,18.73837536093597,0.5868950677931499,34.15725761014566,1.8187481184224643,14.301619674751224,0.11780048368391115,0.07034241285505204,0.035620337072128964,0.0189519128312491,0.021439404591482004,18494.093192538534,1.981369996300155,0.15202713385395844,-1.2362168159027294,-0.004050086535537972
1004,harmonic_distortion,16.0,14.279711335266663,14.190266750575319,0.8924819584541664,23.56213756009355,1.6500429879315555,9.4591280142271,0.07786680465669153,0.046692692642021645,0.023436017913818444,0.012408873040363977,0.013011645845459382,11976.78096312961,2.2977114926557225,0.14462532265396505,-1.3589556382227357,-0.0006460856602542841
1005,harmonic_distortion,40.0,18.97537334615058,18.82693452739412,0.4743843336537645,30.59962200535544,1.6125965716479778,12.778343002346451,0.10545729226067693,0.0626244437612007,0.03199093955095825,0.016166844171200206,0.022888856821912988,17329.522379133567,4.369454360306214,0.21019397103511014,-1.404949200587474,-0.0005104905581517519
1006,harmonic_distortion,63.0,52.658739540066286,52.36500864029214,0.8358530085724807,95.58500338104122,1.815178339133974,13.970671449854995,0.11487493407899906,0.06912803494032388,0.03458689163043933,0.01858399912866822,0.18827223900217094,47882.97585725392,12.65005501278987,0.5095169613603036,-1.3607608960314015,-0.002318601223413891
1007,harmonic_distortion,25.0,18.3243102890245,18.23586822368518,0.7329724115609799,25.602751468484808,1.397201371471132,13.490327255138714,0.11117724749260123,0.06679685583311916,0.03267983558598161,0.017549016022447447,0.020400617121103495,22214.342406623207,5.948613663495206,0.1729868277883078,-1.6553389196292652,0.0004427843766551304
1008,harmonic_distortion,63.0,30.818079559762484,30.583157801628538,0.48917586602797597,46.668025445197664,1.5143067352131603,15.322822358736023,0.12608808675186148,0.07607303909482488,0.03733100739129795,0.019995254322806095,0.05550745699872385,36513.17934295749,6.6342343847436895,0.3402249370701206,-1.571692979527523,-0.0006309378548686885
1009,harmonic_distortion,40.0,26.37235980928917,26.354958575769775,0.6593089952322292,41.91096446437884,1.5892003888111406,13.80878097211819,0.11373397643864921,0.06812675946014182,0.0342879350503615,0.017754139447919915,0.041685887692360576,27719.717812827592,5.177152054714723,0.2130316808756256,-1.5299732745127284,-0.0011477487082617028
1010,harmonic_distortion,32.0,26.14044236217743,25.902303619210887,0.8168888238180447,48.978794656702874,1.8736788756756673,16.250497316093146,0.13370999436633174,0.08038946949785358,0.0400611296965555,0.021480667245653423,0.04340388657346477,27579.211299008737,5.400861244706419,0.31328009002070395,-1.1981967091364176,-0.0035949754425826626
1011,harmonic_distortion,16.0,8.273801339969184,8.245629604271826,0.517112583748074,15.643422480268452,1.8907176804943686,14.470492133337165,0.11922014547074698,0.07136838067236201,0.03573556512054251,0.018845436900745898,0.003799302391260283,8576.244101392598,1.1372904727993591,0.07085695872765384,-1.1570637671403656,-0.0038135442533006963
1012,harmonic_distortion,40.0,23.600598799131962,23.459830130933227,0.590014969978299,33.21812960694492,1.4075121520543445,12.747956047199311,0.10465908140992367,0.06338005626545984,0.03163431598631704,0.01668952477774127,0.03528184007271539,25369.424721919626,6.035102657159394,0.23592435175940987,-1.5962210963000298,0.0013153854741265905
1013,harmonic_distortion,10.0,7.385865454549703,7.325232783147348,0.7385865454549703,11.624086038243084,1.573828565954827,12.655957993794916,0.10435154625320511,0.06242105521017623,0.031303214959831065,0.0158416537191243,0.003451767204001842,7270.8317393730495,0.7586578298042221,0.08410215917974934,-1.3120472957810747,-0.0031246146538535394
1014,harmonic_distortion,25.0,12.50671907810245,12.437952707749451,0.500268763124098,19.684954583821234,1.573950326965682,14.468324844738857,0.11917588474268424,0.07142079970240224,0.03559594656725407,0.01902553645773266,0.010248448407011695,15113.85028881873,3.263486383696075,0.12225377962573211,-1.398055972770289,-0.0029437395723724306
1015,harmonic_distortion,63.0,50.93503716320269,50.75258138930414,0.8084926533841698,86.38042942029011,1.6958941080541423,12.619256163881055,0.10379046422816718,0.062254370223734395,0.031647972416323014,0.016565390590647357,0.1573180659652449,55896.81399492374,9.176193771814267,0.43630660690468076,-1.3931314236636443,-0.0024070681047053083
1016,harmonic_distortion,16.0,12.709837845018647,12.626884455093746,0.7943648653136655,19.699197977342646,1.5499173330140803,13.863615224382368,0.11423075358656376,0.06814720484662246,0.03434263022772267,0.018609342551518453,0.010244373907923866,13547.775581117532,3.9240794230204945,0.12894191132616398,-1.4175360027684938,-0.0031777120164070047
1017,harmonic_distortion,6.0,4.081645383579602,4.058575353921844,0.6802742305966003,7.171275182298239,1.756956939324326,13.575373615232452,0.11184336514517967,0.06684407027048314,0.03364205211874575,0.017885654489935874,0.0010591017589322515,3657.862916926655,0.7880242357282764,0.039640734017980635,-1.2353275352296351,-0.003437286950055536
1018,harmonic_distortion,6.0,2.8548502612567837,2.827471421330477,0.4758083768761306,4.451884450626423,1.5594108417816526,13.29330986013672,0.10956771064877004,0.06543259101644125,0.032698136282065186,0.017729689139368773,0.0005129796202174214,3154.0261316347473,0.7518281265668738,0.0353962698627798,-1.4049361598577088,-0.002116367533653589
1019,harmonic_distortion,32.0,24.14128678832999,24.010113734614738,0.7544152121353122,33.598582514822674,1.3917477890893801,14.376191117854678,0.11838411692685753,0.07099710581499533,0.03552511289072817,0.018680595206994752,0.03404460866591197,25350.02438698536,6.178722923941195,0.22869205783095958,-1.6460383170245831,0.002239438877885454
1020,harmonic_distortion,10.0,5.6152113126179355,5.585367270871635,0.5615211312617936,7.75231472687184,1.3805918057030249,12.85437897574568,0.10541289471433232,0.06407022315112586,0.0319082615545191,0.016932777535109737,0.0017667315383686905,6644.227934680415,1.6119311125451024,0.053492593262748155,-1.6977148859594173,0.0010927124381913918
1021,harmonic_distortion,16.0,8.548187944015282,8.547451963888744,0.5342617465009551,13.677107095908955,1.6000007468114346,12.151740559915885,0.10003859981590348,0.06003461483497258,0.030175530099961517,0.01560090181045958,0.00490675174689889,7225.057934960878,1.8159193981364408,0.06878664454712152,-1.5445880001151369,2.4473695493081635e-05
1022,harmonic_distortion,10.0,6.929256873180802,6.888631535033551,0.6929256873180802,12.64492320821913,1.8248599291123915,12.942800113909444,0.10663986506558176,0.06362273434900738,0.03214481481674129,0.01723043403541485,0.003326576966140013,5801.553037355713,1.1173973983326637,0.06788767848882224,-1.1891698188902495,-0.0027138861461770475
1023,harmonic_distortion,10.0,5.962517010834174,5.959897009580067,0.5962517010834174,9.352524931910779,1.5685531652737004,12.522522568468196,0.10300505717876447,0.06204147217166582,0.0306409433560288,0.016808640164664174,0.0023282367976109877,6102.294351528922,1.4502389809376863,0.046601213453704576,-1.581652886719119,0.0011926935473435584
1024,harmonic_distortion,32.0,14.976496123934353,14.905430664597993,0.46801550387294855,24.67105926132626,1.6473185086497928,10.709095027964654,0.0884397263811079,0.05214277870333463,0.02691970297220265,0.014236903846241745,0.014256895720110161,12668.635133956503,3.083137628892756,0.13818629611846153,-1.3149851800638734,-0.0025441016324518283
1025,harmonic_distortion,63.0,34.40114170711601,34.250870185656495,0.5460498683669208,55.2183922776187,1.605132548975589,12.241940409822467,0.10081187610275893,0.06060643819539946,0.030030040272387787,0.015741276693634423,0.08314857970052317,35656.508557071655,4.719914368575435,0.3134145597613019,-1.4169992559851352,-0.0008141872843374689
1026,harmonic_distortion,10.0,8.240373862080464,8.187557289505742,0.8240373862080463,13.499971741907222,1.6382717539542053,11.341508493543685,0.09330760192833988,0.056132371025116895,0.027939797752374707,0.014968761653950034,0.004153223905663968,6929.789056035118,1.0548175269427718,0.08352815450192405,-1.325318677038627,-0.002614393305529018
1027,harmonic_distortion,6.0,5.128968677159067,5.111231793393744,0.8548281128598445,7.388661408846087,1.4405744843616568,10.126431439869293,0.08358301694708832,0.049679771520525544,0.024882129567014976,0.013431535123239207,0.0016688303488323676,4213.587314386115,0.7190434869566972,0.0445193830201764,-1.5853080342086967,-0.00032738247934864897
1028,harmonic_distortion,10.0,7.887840196029992,7.8678153023540185,0.7887840196029992,14.054031736920605,1.781733831551553,16.301346290153052,0.1343913309286497,0.0803571482241146,0.03995680862066795,0.02138035282561867,0.0036585728095748535,9513.935770717095,1.2847527535536096,0.06660969100326494,-1.2935910648462026,-0.0023194350928320553
1029,harmonic_distortion,32.0,16.121601827721275,16.02991638125407,0.5038000571162898,29.902032282026465,1.8547804740317309,15.930852462205749,0.13108358603620063,0.07879596764850273,0.03930300830477801,0.021032879575873825,0.016983443917319638,18250.03824953801,2.9658227068885137,0.1577457560350657,-1.147294906512997,-0.0037210286000136233
1030,harmonic_distortion,16.0,13.91202588133242,13.820327863840433,0.8695016175832763,22.006703943464835,1.5818475418028264,13.60088506978141,0.11206807781169599,0.06720875798530249,0.03299551628963433,0.018242353171177214,0.011994163907264084,15237.160283890647,2.2965051369944542,0.14380332426085124,-1.5217476583018856,-0.000969150797378639
1031,harmonic_distortion,32.0,15.590421664484872,15.537284966054663,0.48720067701515224,26.27944425188684,1.6856147200986904,14.933800649990696,0.12307840008290485,0.0735735516976167,0.03704647522728207,0.019170755791715562,0.014955348969509,14514.805156340546,1.9966336534177906,0.1342775920943125,-1.384611771588589,-0.0020234662105533077
1032,harmonic_distortion,16.0,6.859972057572875,6.815657465139104,0.4287482535983047,9.847797263474906,1.4355448067996368,12.741336270928471,0.10477428215175497,0.06316926898800324,0.03117754598722298,0.017121799640102436,0.0027211197804184887,6292.366851188595,0.977249269538434,0.06936476282263174,-1.6031190499429575,0.0009268541984503196
1033,harmonic_distortion,10.0,8.21207417107432,8.190169228501228,0.8212074171074321,11.739837355042143,1.4295824792917975,12.52843062430578,0.10314255582051754,0.061730478321831386,0.031227251570318706,0.016457308949067318,0.0040401825403314625,7650.765027134247,1.299084030496633,0.06900960677393016,-1.605266564680978,0.0006277055924375985
1034,harmonic_distortion,40.0,19.955724099423243,19.88908455587248,0.49889310248558105,28.26437438256742,1.4163542370265563,10.696498674849787,0.08793421604632265,0.05293593733708826,0.026612706733661673,0.014016589419093062,0.023965245080257956,19877.75551159946,3.5507203256943476,0.17141974852350836,-1.5894348502856899,-0.00032680184581157696
1035,harmonic_distortion,63.0,36.49861563935429,36.47718584070064,0.5793431053865761,63.78066883144016,1.7474818623236157,11.31723193651811,0.09277269954458084,0.05626627676483476,0.02837770180044967,0.01515423436774329,0.0758657626501401,27427.682545195257,6.116800501015006,0.28274246740157993,-1.2470044852701165,-0.0019331839729174402
1036,harmonic_distortion,32.0,24.9642250787608,24.873392724675032,0.780132033711275,40.20858240890068,1.6106481286895185,10.599201995842305,0.08731962789662635,0.05208393992430523,0.02664150976490497,0.01366638744670112,0.038321123619363726,21148.27765435015,3.844455331847959,0.2161734667773045,-1.4163860366501602,-0.0014159110288054146
1037,harmonic_distortion,25.0,16.56620360885575,16.529802927634506,0.66264814435423,23.993183530684043,1.4483211782094572,10.021088019463976,0.08266723449752149,0.04894899767592754,0.025230512243903023,0.013237529720856291,0.017527869501205127,14428.579926459255,3.8972830535741334,0.14056553883929626,-1.4952558994173148,0.0003352231296049232
1038,harmonic_distortion,10.0,5.978307732979148,5.946819052864923,0.5978307732979148,9.792868460296154,1.6380669741432068,15.9525410534046,0.13136837549548822,0.07879490246477408,0.03931227661059539,0.020873183359428726,0.0019499568952633917,6429.529082712866,1.4025925438174156,0.05602256409438441,-1.2693428055647835,-0.00323584217441463
1039,harmonic_distortion,32.0,26.69855412447735,26.45923058194982,0.8343298163899172,38.63891540901775,1.447228761056622,10.279061563654968,0.08458964352541935,0.050726443258217645,0.025695790160406972,0.01326968582024214,0.043545411756475305,25828.087102212365,4.7070536024592045,0.31930747567578255,-1.5855099969980844,0.0008035255570053193
1040,harmonic_distortion,20.0,16.858904485252907,16.801045158368474,0.8429452242626454,26.47482383063646,1.5703762870371896,10.426546937862687,0.085788604468937,0.0516051957069773,0.025812071853086687,0.013466817831321492,0.017081620557976386,14430.869256545722,3.0501489464918556,0.14519819206291795,-1.5294731095952423,0.0007659747819805422
1041,harmonic_distortion,25.0,11.922000121920703,11.852855922651239,0.47688000487682813,20.57960326134266,1.7261871371547157,10.049494098251126,0.08270241577285127,0.04965043833520893,0.024936005427417147,0.013113842090860079,0.00872364255394742,9450.294401211153,2.0497128107671894,0.11718437592196077,-1.2842457664289821,-0.0026288799758229994
1042,harmonic_distortion,16.0,12.920750470111102,12.809376704562617,0.8075469043819439,22.062172317040794,1.7074992947482863,12.077104129021773,0.09949771958116709,0.059291682899180895,0.02988675206428813,0.01661507997424706,0.009718896555103109,11556.120826963659,1.1527943727240477,0.1505913703666297,-1.2819087907295552,-0.0028301837400401602
1043,harmonic_distortion,40.0,21.876054563625036,21.844228762583153,0.546901364090626,34.380361944074814,1.5715979242285323,14.382929222131061,0.1182689471284238,0.0713570785314445,0.03533676448616376,0.018912795124318343,0.02835310979883684,26403.620723681805,5.494389728217207,0.1726949743616853,-1.5499484840068463,-0.0021065696927792883
1044,harmonic_distortion,6.0,2.439066734958096,2.422059973827297,0.406511122493016,3.5966395722992623,1.4745966230753653,15.544133120510514,0.12777378058374894,0.07707526702771783,0.03825490162487332,0.020758136687295564,0.00038515016726530047,2100.82680218195,0.5027084739372232,0.025812537415809477,-1.599348741334926,-0.0006406552268331734
1045,harmonic_distortion,20.0,17.87714081340081,17.71151848689198,0.8938570406700406,31.610188600005795,1.7681903906324004,15.903002957984897,0.13081127591504196,0.07871472417105234,0.039509086261193135,0.020510146008019925,0.01866245375370363,17216.09330834367,4.0087018361588465,0.220406960477554,-1.394813904914174,-0.0016821000917268047
1046,harmonic_distortion,40.0,29.232470736957815,29.116312614938277,0.7308117684239454,42.973459648791035,1.4700591008542703,14.956859424339289,0.12324126408485991,0.07391400758195533,0.03662443967421903,0.019418126583902896,0.05474970372602816,32720.166691642546,9.301945068223052,0.2563954862500798,-1.55223247198102,-0.0003613104575223858
1047,harmonic_distortion,25.0,19.51982445913677,19.40014032782944,0.7807929783654708,27.971599479217062,1.4329841713659075,15.665694044718448,0.12896604299399506,0.0774232050782961,0.03870488895378302,0.020406312683576233,0.026477895279228912,20352.04707521174,4.760063966708725,0.19555542061380807,-1.6745400112102777,0.0006894724733785142
1048,harmonic_distortion,25.0,14.414752009209977,14.273531993877127,0.5765900803683991,28.099250168788632,1.9493398255402463,15.353960440353575,0.12627776431880158,0.07616845179594929,0.0375443738901948,0.020391396767793217,0.012665908665278319,15801.232719920648,2.1829581242941094,0.18107881759758263,-1.129772361146752,-0.0043790584518908484
1049,harmonic_distortion,10.0,7.51914116789693,7.471483486815878,0.751914116789693,12.162868382930089,1.6175874491148037,13.802836871663038,0.1139635610411343,0.06799501906947256,0.03365698639983429,0.01752943894244281,0.0034458122412744383,8095.6633407810095,0.6461914926760564,0.07515825894152747,-1.282405269038981,-0.0028498915987373915
